Source,Title,Published Date,Content,Link
BBC,'My husband is a fighter pilot in Ukraine. Here's how I really feel about a ceasefire',"Sun, 23 Mar 2025 01:54:53 GMT","Maria, whose husband Ivan has been risking his life since the first day of the war, is cautiously hoping for a truce.",https://www.bbc.com/news/articles/c70wgq7y11qo
BBC,MS Dhoni: The 43-year-old Indian cricket icon gears up for another IPL,"Sun, 23 Mar 2025 01:50:23 GMT","Dhoni, who turns 44 in July, is playing his 18th straight IPL season. Will this be his swansong?",https://www.bbc.com/news/articles/c5y2z448e8xo
RT news,Turkish opposition politicians scuffle with police (VIDEOS),"Sun, 23 Mar 2025 01:45:09 +0000","The brawl took place amid massive protests demanding the release of Istanbul’s mayor from police custody Supporters of detained Istanbul Mayor Ekrem Imamoglu have attempted to break through a security barrier erected by police inside a courthouse on Sunday. Lawmakers from the opposition Republican People&rsquo;s Party (CHP) scuffled with officers and dismantled a barricade in the lobby. Imamoglu was earlier taken to the courthouse, where the judge is expected to rule on the prosecution&rsquo;s request to arrest him on corruption and terrorism charges. The CHP has called on people to defy a ban on rallies in Istanbul and take to",https://www.rt.com/news/614646-turkish-lawmakers-scuffle-police/?utm_source=rss&utm_medium=rss&utm_campaign=RSS
BBC,Israeli air strike kills Hamas official in Gaza,"Sun, 23 Mar 2025 01:44:26 GMT","Salah al-Bardaweel and his wife died in the southern city of Khan Younis, a Hamas source told the BBC.",https://www.bbc.com/news/articles/cq5zxe5l58go
ABC News,New Canadian Prime Minister Carney will run in Ottawa area district as he seeks to join Parliament,"Sat, 22 Mar 2025 21:26:57 -0400",Two officials familiar with the matter say new Canadian Prime Minister Mark Carney will run in an Ottawa area district as he seeks to join Parliament for the first time,https://abcnews.go.com/International/wireStory/new-canadian-prime-minister-carney-run-ottawa-area-120066873
RT news,Czech president admits he knew Ukraine’s 2023 counteroffensive was doomed,"Sun, 23 Mar 2025 01:17:59 +0000","Kiev did not have the manpower to push back the Russians, Petr Pavel has said Ukraine&rsquo;s much-hyped 2023 counteroffensive against the Russian troops was doomed from the start, Czech President Petr Pavel has said.&nbsp; Pavel, the Czech Republic&rsquo;s ex-top military commander, made his comments in an interview with European Pravda published on Saturday. He warned that, given the diminishing foreign aid and acute personnel shortages, Ukraine will not be able to win back any territory &ldquo;without huge losses.&rdquo;&nbsp; &ldquo;That is why my quite realistic assessment was that this conflict, without changing the [existing] parameters, will most probably end up with",https://www.rt.com/news/614645-czech-president-ukraine-doomed/?utm_source=rss&utm_medium=rss&utm_campaign=RSS
BBC,The man with a mind-reading chip in his brain - thanks to Elon Musk,"Sun, 23 Mar 2025 01:04:10 GMT",Noland Arbaugh tells the BBC how being the first Neuralink patient has changed his life.,https://www.bbc.com/news/articles/cewk49j7j1po
BBC,Protesters in Turkey rally 'for justice' after mayor's arrest,"Sun, 23 Mar 2025 01:00:15 GMT",Prosecutors request Istanbul Mayor Ekrem Imamoglu's formal arrest on terrorism and corruption charges.,https://www.bbc.com/news/articles/c0egjvj8vdro
RT news,NASA removes diversity pledge from lunar program,"Sun, 23 Mar 2025 00:49:36 +0000","The US space agency has dropped DEI-focused language in response to Trump’s executive order NASA has scrubbed its public commitment to land the first woman and the first person of color on the Moon under its Artemis lunar program. The change comes in response to US President Donald Trump&rsquo;s campaign to eliminate diversity, equity, and inclusion (DEI) policies in all federal agencies. Artemis aims to land humans on the Moon for the first time since 1972. The space agency previously said on its website that it would land &ldquo;the first woman, the first person of color, and the first international",https://www.rt.com/news/614644-nasa-abandons-moon-diversity-program/?utm_source=rss&utm_medium=rss&utm_campaign=RSS
BBC,A life searching rows of unclaimed bodies for disappeared brothers and sons,"Sun, 23 Mar 2025 00:32:44 GMT",Women across generations in Pakistan's Balochistan are demanding answers about the missing men in their lives.,https://www.bbc.com/news/articles/c15qyyzz89lo
BBC,Trump envoy dismisses Starmer plan for Ukraine,"Sun, 23 Mar 2025 00:01:17 GMT","Steve Witkoff says the UK plans for an international force to support a ceasefire are a ""posture"".",https://www.bbc.com/news/articles/c62zm4eqvp7o
Fox News,Germany temporarily shuts embassy in South Sudan amid fears of civil war,"Sat, 22 Mar 2025 19:09:36 -0400","Germany has temporarily closed its embassy in South Sudan's capital Juba because of rising tensions that have brought the East African country to the verge of civil war, the German foreign ministry said on Saturday.South Sudan President Salva Kiir this week sacked the governor of Upper Nile state, where clashes have escalated between government troops and an ethnic militia he accuses of allying with his rival, First Vice President Riek Machar.EU DENIES INTENT TO DELAY SOUTH SUDAN ELECTIONSThe standoff has heightened concerns that the world's newest nation could slide back into conflict some seven years after its emergence from a",https://www.foxnews.com/world/germany-temporarily-shuts-embassy-south-sudan-amid-fears-civil-war
BBC,"Earrings worth $769,500 recovered by Florida police after alleged thief swallows them","Sat, 22 Mar 2025 23:09:25 GMT","The man allegedly swallowed two pairs of earrings worth $769,500 (£597,000) hoping to avoid being charged with theft.",https://www.bbc.com/news/articles/crrdvy4pvpeo
Newsmax,"FBI, State Dept Issue Spring Break Travel Warnings","Sat, 22 Mar 2025 18:27:10 EDT",The State Department and the FBI are issuing spring break travel warnings.,https://www.newsmax.com/newsfront/fbi-break-travel/2025/03/22/id/1203948
RT news,Large protests in support of detained mayor sweep Türkiye (VIDEOS),"Sat, 22 Mar 2025 22:23:52 +0000","The rallies have continued for a fourth consecutive night in Istanbul and other large cities Large crowds of protesters gathered for a fourth consecutive night in Turkish cities on Saturday, demanding the release of Istanbul Mayor Ekrem Imamoglu, who was arrested on corruption and terrorism charges. Imamoglu, who ran for vice president in 2023, was detained on Wednesday. He is a prominent member of the opposition Republican People&rsquo;s Party (CHP) and is widely seen as one of the main rivals of President Recep Tayyip Erdogan.&nbsp; The demonstrations took place in T&uuml;rkiye&rsquo;s capital, Ankara, and in Istanbul, the country&rsquo;s largest city.&nbsp;",https://www.rt.com/news/614642-turkiye-arrests-343-protest/?utm_source=rss&utm_medium=rss&utm_campaign=RSS
Newsmax,Liberals Shocked at Gen Z Polling More Conservative,"Sat, 22 Mar 2025 18:20:07 EDT",Prominent Democrat pollster David Shor expressed shock Tuesday during a podcast with New York Times columnist Ezra Klein at the growing trend of Gen Z voters becoming conservative.,https://www.newsmax.com/newsfront/polls-shocked-genz/2025/03/22/id/1203947
Newsmax,EPA Scales Back Pollution Enforcement Under Trump,"Sat, 22 Mar 2025 18:13:38 EDT","The Environmental Protection Agency (EPA) under President Donald Trump is scaling back pollution enforcement, raising concerns about the fate of ongoing investigations into hazardous waste, air quality, and water safety across the United States.",https://www.newsmax.com/newsfront/epa-pollution-enforcement/2025/03/22/id/1203946
Newsmax,"Trump, WH Website Contradict on Alien Enemies Act","Sat, 22 Mar 2025 18:13:00 EDT","The White House official website and President Donald Trump appeared to contradict each other on Friday over the signing of the Alien Enemies Act, which the president invoked as justification for the rapid deportation of members of the Venezuelan gang Tren de Aragua.",https://www.newsmax.com/newsfront/alien-enemies-act-donald-trump-white-house/2025/03/22/id/1203945
Newsmax,"Trump, Newsom Attack California Coastal Commission","Sat, 22 Mar 2025 17:56:51 EDT","President Donald Trump and California Gov. Gavin Newsom have found common ground in attacking the California Coastal Commission, tasked with protecting roughly 1,100 miles of ocean coastline, reports The New York Times.",https://www.newsmax.com/newsfront/caliornia-donald-trump-coastal-commission/2025/03/22/id/1203944
Newsmax,Texas Museum Tells Life Stories of Medal of Honor Recipients,"Sat, 22 Mar 2025 17:46:59 EDT",A new museum devoted to telling the stories of those who have received the nation's highest military honor is opening this coming week in Texas.,https://www.newsmax.com/newsfront/texas-medal-honor/2025/03/22/id/1203943
Newsmax,Venezuela's Maduro: Migrant Repatriation Flights Resume Sunday,"Sat, 22 Mar 2025 17:46:39 EDT","Venezuela has reached an agreement with the United States to resume repatriation flights of migrants, President Nicolas Maduro announced in a televised address on Saturday.Maduro said the flights would commence on Sunday.",https://www.newsmax.com/newsfront/venezuela-nicolas-maduro-trump-administration/2025/03/22/id/1203942
Newsmax,DOGE Protesters Face Off With GOP Lawmakers,"Sat, 22 Mar 2025 17:23:16 EDT",Republican members of Congress are facing an increasingly vocal number of DOGE (Department of Government Efficiency) protesters at public constituent meetings.,https://www.newsmax.com/newsfront/doge-protesters-gop/2025/03/22/id/1203941
BBC,Israel strikes Lebanon after first rocket attack since ceasefire,"Sat, 22 Mar 2025 21:20:42 GMT","Lebanon's health ministry says seven people, including a child, were killed and 40 injured.",https://www.bbc.com/news/articles/cn4ynpzk8d8o
RT news,No one but Russia to control Europe’s largest nuclear plant – director,"Sat, 22 Mar 2025 21:14:55 +0000","Neither the US nor Ukraine will ever gain control over the Zaporozhye Nuclear Power Plant, its director has said The Zaporozhye Nuclear Power Plant (ZNPP) belongs to Russia and will be operated by Russia, its director, Yury Chernichyuk, has stressed, dismissing any possibility of US or Ukrainian control over the facility. Earlier in the week, US President Donald Trump and Ukraine&rsquo;s Vladimir Zelensky discussed in a phone call an option for the US to take over Ukraine&rsquo;s energy supply, including its nuclear power plants, according to official American accounts of the conversation. US Energy Secretary Chris Wright then also said",https://www.rt.com/russia/614643-russia-control-europe-largest-nuclear/?utm_source=rss&utm_medium=rss&utm_campaign=RSS
RT news,FBI on ‘frenzied mission’ to redact Epstein files – CNN,"Sat, 22 Mar 2025 20:58:19 +0000","Agents have been ordered to put aside national security investigations to aid the effort, according to the broadcaster The US Federal Bureau of Investigation is &ldquo;frantically&rdquo; trying to complete the redactions of the files related to the Jeffrey Epstein investigation before their public release, CNN reported on Saturday. Agents are &ldquo;working around the clock&rdquo; and have even suspended ongoing investigations in order to process the files, it claimed, citing sources familiar with the efforts. Every FBI division was ordered to provide agents for the task, including those working on criminal and national security issues, the US broadcaster said. Agents were",https://www.rt.com/news/614641-fbi-frezied-redact-epstein-files/?utm_source=rss&utm_medium=rss&utm_campaign=RSS
Newsmax,RFK Jr.'s Cellphone Ban in Schools Sparks Strong Response,"Sat, 22 Mar 2025 16:57:10 EDT","U.S. Secretary of Health and Human Services Robert F. Kennedy Jr.'s push to ban cell phones in schools because they ""produce electromagnetic radiation"" has sparked backlash online.",https://www.newsmax.com/newsfront/rfk-cellphones-schools/2025/03/22/id/1203940
Newsmax,FBI Employees Told to Limit Epstein File Redactions,"Sat, 22 Mar 2025 16:31:56 EDT",FBI employees who are reviewing further documents from the agency's investigation into Jeffrey Epstein have been told to limit the redactions they make after the first batch of files released by Attorney General Pam Bondi in February revealed little new information.,https://www.newsmax.com/newsfront/fbi-jeffrey-epstein-documents/2025/03/22/id/1203939
RT news,Tesla attackers could face El Salvador mega jail – Trump,"Sat, 22 Mar 2025 20:08:09 +0000","US citizens found guilty of the recent attacks on Elon Musk’s company could face up to 20 years in prison, the president has said US President Donald Trump has suggested that those convicted of the recent spate of attacks against Tesla facilities could be sent to El Salvador&rsquo;s notorious mega prison. Tesla dealerships and vehicles in the US have been targeted by numerous attacks in what US Attorney General Pam Bondi has labeled &ldquo;domestic terrorism.&rdquo; In a message on his social media platform Truth Social on Friday, Trump suggested that people found guilty of the attacks could be sent to",https://www.rt.com/news/614639-trump-tesla-attackers-megajail/?utm_source=rss&utm_medium=rss&utm_campaign=RSS
Newsmax,Tax Revenue Could Drop 10 Percent Amid Turmoil at IRS,"Sat, 22 Mar 2025 15:59:37 EDT","The massive trimming of the IRS have insiders projecting the federal government will see a dip of nearly 10% in projected revenue in the coming year, The Washington Post reported.",https://www.newsmax.com/newsfront/irs-doge-elon-musk/2025/03/22/id/1203938
Newsmax,Police Halt Dem Lawmaker's Town Hall After Confrontations,"Sat, 22 Mar 2025 15:32:34 EDT","A town hall held by Rep. Sean Casten, D-Ill., was cut short by police Wednesday after disruptions from pro-Palestinian protesters, reports CNN.",https://www.newsmax.com/newsfront/town-hall-casten-police/2025/03/22/id/1203937
RT news,Pentagon chief offers choice between war and defense,"Sat, 22 Mar 2025 19:28:22 +0000","Pete Hegseth is conducting a poll among the public about renaming the agency he heads as the Department of War US Defense Secretary Pete Hegseth has mooted the possibility of renaming the Department of Defense as the Department of War. The defense chief is conducting a poll among the public about the potential switch. &ldquo;Better name? Have my thoughts&hellip; welcome yours,&rdquo; Hegseth posted on X, sharing the poll. The poll has attracted over 160,000 users, with more than half favoring the idea of a new name for the Department of Defense. Tesla and SpaceX founder and CEO Elon Musk shared",https://www.rt.com/news/614635-hegseth-polls-dod-name-war/?utm_source=rss&utm_medium=rss&utm_campaign=RSS
BBC,At least two dead as wildfires rage in South Korea,"Sat, 22 Mar 2025 19:14:39 GMT",Two people were found dead as multiple fires raged across the country on Saturday.,https://www.bbc.com/news/articles/cdx2801qegvo
BBC,"Canada can win trade war with US, foreign affairs minister Mélanie Joly says","Sat, 22 Mar 2025 19:00:36 GMT",Canada is among the countries waiting to see what Trump's 2 April reciprocal tariffs look like.,https://www.bbc.com/news/articles/cg70mknye9lo
RT news,Serbia facing ‘color revolution’ – deputy PM,"Sat, 22 Mar 2025 18:50:50 +0000","Those behind the protests in the Balkan country are seeking to engineer a Maidan-style coup, according to Aleksandar Vulin Serbia is confronting the threat of a &ldquo;color revolution,&rdquo; Deputy Prime Minister Aleksandar Vulin has said. He accused Western security services of orchestrating unrest to instigate an overthrow of the government similar to Ukraine&rsquo;s 2014 Maidan coup. Student-led demonstrations against alleged corruption and government negligence have been ongoing in Serbia for months. The protests, sparked by the deadly collapse of a concrete canopy at the railway station in the city of Novy Sad in November 2024, culminated in a massive rally",https://www.rt.com/news/614640-serbia-face-color-revolution/?utm_source=rss&utm_medium=rss&utm_campaign=RSS
Newsmax,N.C. Justices: Family Can Sue Over Unwanted COVID-19 Shot,"Sat, 22 Mar 2025 14:49:24 EDT","The North Carolina Supreme Court ruled on Friday in favor of letting a mother and son proceed with their lawsuit against a school board after the boy was given a COVID-19 shot without parental consent, The Washington Post reported.",https://www.newsmax.com/newsfront/north-carolina-state-supreme-court-lawsuit/2025/03/22/id/1203935
BBC,Pope Francis to be discharged from hospital on Sunday,"Sat, 22 Mar 2025 18:42:22 GMT","The Pope's doctor said his life ""was in danger"" during his five weeks in hospital.",https://www.bbc.com/news/articles/crrdv84rg4do
Newsmax,JFK Files - Revealing the Shadowy Past of Americans' Relatives,"Sat, 22 Mar 2025 14:32:33 EDT","The national mystery that surrounds the assassination of former President John F. Kennedy is far from over, especially with the release of thousands of files by the National Archives as ordered by President Donald Trump.",https://www.newsmax.com/newsfront/jfk-files-shadowy/2025/03/22/id/1203934
Newsmax,"Three Killed, 14 Injured in a Shooting at a NM Park","Sat, 22 Mar 2025 14:18:12 EDT","Three people died and 14 others were injured after an altercation broke out Friday at a park in the desert city of Las Cruces, New Mexico, police said Saturday.",https://www.newsmax.com/newsfront/shooting-new-mexico/2025/03/22/id/1203933
CBS News,"Pope Francis to leave hospital on Sunday, return to Vatican, doctors say","Sat, 22 Mar 2025 14:10:52 -0400",The 88-year-old pontiff has been battling double pneumonia in both lungs after he was admitted to the hospital​ on Feb. 14.,https://www.cbsnews.com/news/pope-francis-public-appearance-hospitalization-vatican/
Fox News,Pope Francis set to be discharged from hospital on Sunday: doctors,"Sat, 22 Mar 2025 13:46:56 -0400","Gemelli Hospital medical director Dr. Sergio Alfieri announced Saturday that Pope Francis is expected to be discharged on Sunday. The Vatican also announced that the pontiff would appear publicly on Sunday morning to bless the faithful from his 10th floor suite at the hospital. He will then return to the Vatican. At a press conference, Alfieri said the Holy Father experienced ""two very critical episodes"" during his hospitalization when his life was in danger but has since shown a ""slow but progressive"" improvement due to ""pharmacological therapy, the administration of high flow oxygen and assisted mechanical ventilation."" The pope, however,",https://www.foxnews.com/world/pope-francis-set-discharged-from-hospital-sunday-doctors
Newsmax,Disney's Woke 'Snow White' Aims for Weak $45 Million Opening,"Sat, 22 Mar 2025 13:46:18 EDT","The much-maligned remake of ""Snow White"" is on track to give Disney one of the weakest opening weekends in recent memory, amid the controversy surrounding the ""woke"" retelling of the classic German fairytale.",https://www.newsmax.com/newsfront/snow-white-remake/2025/03/22/id/1203930
Newsmax,Doctors: Pope Francis to Be Discharged From Hospital Sunday,"Sat, 22 Mar 2025 13:26:17 EDT","Pope Francis will be released from the hospital on Sunday, after 38 days battling a life-threatening case of pneumonia in both lungs, his doctors said.",https://www.newsmax.com/newsfront/vatican-pope-francis-gemelli/2025/03/22/id/1203928
RT news,"Trump revokes security clearances of Harris, Clinton, and Biden family","Sat, 22 Mar 2025 17:16:18 +0000","Access for these individuals to classified information is no longer in the national interest, the US president has said US President Donald Trump has revoked the security clearances of his former Democratic election rivals Kamala Harris and Hillary Clinton, as well as of several officials from the previous administration of Joe Biden and members of the former president's family. The memorandum, released on Friday, follows Trump&rsquo;s announcement in February that he is &ldquo;immediately&rdquo; rescinding Biden&rsquo;s access to classified data and stopping the former president&rsquo;s daily intelligence briefings. The document formalizes the revocation of the security clearance for Biden, the members",https://www.rt.com/news/614632-harris-clinton-biden-trump/?utm_source=rss&utm_medium=rss&utm_campaign=RSS
RT news,Moscow issues warning to Kiev,"Sat, 22 Mar 2025 17:15:47 +0000","Russia could respond if Ukraine continues its attacks on Russian energy infrastructure, Foreign Ministry spokeswoman Maria Zakharova has warned Moscow reserves the right to retaliate in kind if Ukraine continues to strike Russian energy infrastructure in violation of the recently agreed partial ceasefire, Foreign Ministry spokeswoman Maria Zakharova has warned. On Tuesday, Russian President Vladimir Putin held phone talks with his US counterpart, Donald Trump, and agreed to a US-mediated partial ceasefire. As part of it, Moscow said it would halt strikes on Ukrainian energy sites if Kiev does the same. Ukraine&rsquo;s Vladimir Zelensky also agreed to the terms. Despite",https://www.rt.com/russia/614638-moscow-issues-warning-kiev/?utm_source=rss&utm_medium=rss&utm_campaign=RSS
Newsmax,WashPost-Ipsos Poll: Federal Staff Split on Returning to Office,"Sat, 22 Mar 2025 13:11:48 EDT","Federal workers are split on the Trump administration's return-to-office mandate, with 25% saying they are actively looking for another job, according to a new poll released Saturday by The Washington Post.",https://www.newsmax.com/newsfront/federal-workers-return-to-office-donald-trump/2025/03/22/id/1203926
ABC News,Doctors will provide first in-person update in Pope Francis' recovery from pneumonia in a month,"Sat, 22 Mar 2025 12:54:27 -0400",Pope Francis&rsquo; doctors are providing their first in-person update on the pontiff&rsquo;s condition in a month,https://abcnews.go.com/International/wireStory/doctors-provide-person-update-pope-francis-recovery-pneumonia-120058183
Newsmax,Consumers Abroad Boycott US Goods Over Trump Tariffs,"Sat, 22 Mar 2025 12:42:18 EDT","In growing numbers, consumers across Europe and beyond are boycotting American-made products in protest of President Donald Trump's trade policies, voicing frustration with what they see as a betrayal of longstanding international alliances, The New York Times reported.",https://www.newsmax.com/newsfront/consumer-boycott-american/2025/03/22/id/1203922
Newsmax,AOC Positions Herself as Party Leader,"Sat, 22 Mar 2025 12:30:30 EDT","Rep. Alexandria Ocasio-Cortez, D-N.Y., spoke at a rally in Denver on Friday alongside Sen. Bernie Sanders, I-Vt., as part of their ""Fight Oligarchy"" tour.",https://www.newsmax.com/newsfront/aoc-rally-party/2025/03/22/id/1203921
RT news,The Americans want Zelensky out – Is this woman their Plan B?,"Sat, 22 Mar 2025 16:27:04 +0000","Why has Yulia Timoshenko suddenly re-emerged in Ukraine? While international attention remains focused on the high-stakes negotiations involving Vladimir Putin, Donald Trump, and Vladimir Zelensky, Ukraine&rsquo;s internal political theater continues to play out in full force. Though less headline-grabbing than the drama in Jeddah or Washington, the developments in Kiev are no less consequential. Two major events have shaken the domestic landscape in recent weeks. First, former President Pyotr Poroshenko has found himself in serious legal trouble. Ukraine&rsquo;s National Security and Defence Council has imposed sanctions on him, as investigators pursue the &lsquo;10 black suitcases&rsquo; case. Second, former Prime Minister",https://www.rt.com/russia/614637-americans-want-zelensky-out/?utm_source=rss&utm_medium=rss&utm_campaign=RSS
RT news,EU ‘stabbed its economy in the heart’ with Russia sanctions – Hungarian FM,"Sat, 22 Mar 2025 16:26:57 +0000","Brussels’ restrictions against Moscow are becoming increasingly “ridiculous” and “harmful” to the bloc, Peter Szijjarto has told RT The sanctions against Russia have greatly backfired on the EU economy and are becoming increasingly &ldquo;ridiculous&rdquo; and &ldquo;harmful&rdquo; with each new package, Hungarian Foreign Minister Peter Szijjarto has said. In an exclusive interview with RT released on Saturday, Szijjarto reiterated that the bloc&rsquo;s measures targeting Russia have failed in both of their presumed goals &ndash; to destabilize the country&rsquo;s economy and bring about an end to the Ukraine conflict. The EU has adopted 16 packages of sanctions against Russia since the escalation",https://www.rt.com/news/614627-sanctions-szijjarto-heart-eu-economy/?utm_source=rss&utm_medium=rss&utm_campaign=RSS
BBC,Moment police chase ends in four car pile-up in Paris,"Sat, 22 Mar 2025 15:55:21 GMT",Thirteen people - 10 of them police officers - have been injured after a car chase in the French capital.,https://www.bbc.com/news/videos/c89ynj20p9po
RT news,Türkiye won’t give in to ‘street terrorism’ – Erdogan,"Sat, 22 Mar 2025 15:40:42 +0000","The president has denounced mass protests over the arrest of Istanbul Mayor Ekrem Imamoglu Turkish President Recep Tayyip Erdogan has lashed out at mass protests which have swept the country over the arrest of Istanbul Mayor Ekrem Imamoglu on corruption and terrorist charges, accusing the demonstrators of vandalism and &ldquo;street terrorism.&rdquo; Imamoglu, a key figure in the opposition Republican People&rsquo;s Party (CHP) who is widely viewed as Erdogan&rsquo;s main political rival, was detained by the Turkish authorities on allegations of leading a criminal organization, accepting bribes, and aiding the Kurdistan Workers&rsquo; Party (PKK), which is designated as a terrorist organization",https://www.rt.com/news/614633-erdogan-imamoglu-protests-terrorism/?utm_source=rss&utm_medium=rss&utm_campaign=RSS
RT news,Trump envoy names ‘largest issue’ in Ukraine conflict,"Sat, 22 Mar 2025 15:39:56 +0000","The former Ukrainian territories want to stay with Russia, Steve Witkoff has said The status of the former Ukrainian territories that have joined Russia following referendums is key to resolving the conflict between Moscow and Kiev, Steve Witkoff, US President Donald Trump&rsquo;s special envoy to the Middle East, told American journalist Tucker Carlson in an interview released on Friday. Witkoff, who has also been actively involved in the US efforts to resolve the Ukraine conflict, described the issue as &ldquo;an elephant in the room&rdquo; that &ldquo;no one wants to talk about.&rdquo; &ldquo;They&rsquo;re Russian-speaking. There have been referendums where the overwhelming",https://www.rt.com/news/614636-trump-envoy-largest-issue-ukraine/?utm_source=rss&utm_medium=rss&utm_campaign=RSS
BBC,"Trump revokes security clearance for Harris, Clinton, and critics","Sat, 22 Mar 2025 15:34:25 GMT","The US president also confirmed he was revoking the security clearance of Joe Biden and ""any other member"" of the Biden family.",https://www.bbc.com/news/articles/c74kg3e2m08o
RT news,Serbia reiterates stance on Russia sanctions,"Sat, 22 Mar 2025 14:14:14 +0000","Belgrade will not take part in the restrictions against Moscow, Deputy Prime Minister Aleksandar Vulin has said The Serbian authorities will not reverse their approach to sanctions on Russian, according to Deputy Prime Minister Aleksandar Vulin. Belgrade has not taken part in the Ukraine-related restrictions imposed on Moscow by Western states. The US and EU have been piling sanctions on Russia since 2014. The initial restrictions regarding defense, energy, banking, and trade came in response to Crimea joining the country after a violent Western-backed coup in Kiev. Following the escalation of the Ukraine conflict in February 2022, Western states have",https://www.rt.com/russia/614634-serbia-reiterates-stance-russia-sanctions/?utm_source=rss&utm_medium=rss&utm_campaign=RSS
Fox News,DOGE USAID budget cuts hit UN in 'worst liquidity crisis since its establishment',"Sat, 22 Mar 2025 10:08:00 -0400","FIRST ON FOX: President Donald Trump's administration’s use of Elon Musk's DOGE to cut USAID spending is having a deep impact on the United Nations Department of Safety and Security (UNDSS), according to internal U.N. emails shared with Fox News Digital.In an email sent early Friday morning, president of the U.N. Field Staff Union, Milan Victor Dawoh wrote that the USAID funding cut resulted in ""approximately $30 million"" having been ""removed from the extra-budgetary (XB) resources, resulting in a significant reduction in staffing."" Dawoh’s email warns that the U.N. ""is currently experiencing its worst liquidity crisis since its establishment. The",https://www.foxnews.com/world/doge-usaid-budget-cuts-hit-un-worst-liquidity-crisis-since-its-establishment
BBC,"Trump revokes status of 530,000 Latin Americans","Sat, 22 Mar 2025 14:05:41 GMT","Certain migrants from Cuba, Haiti, Nicaragua and Venezuela will lose their deportation shield.",https://www.bbc.com/news/articles/c33706jy774o
CBS News,London's Heathrow Airport reopens after fire caused power outage,"Sat, 22 Mar 2025 09:54:11 -0400",London's Heathrow Airport reopened on Saturday after a power outage prompted widespread cancellations.,https://www.cbsnews.com/news/london-heathrow-airport-fully-operational-fire-power-outage/
CBS News,Researchers find never-before-seen ecosystem under Antarctic ice shelf,"Sat, 22 Mar 2025 09:53:44 -0400",Scientists have determined that at least six new aquatic species have been thriving under an Antarctic ice shelf.,https://www.cbsnews.com/news/antarctica-discovery-ice-shelf-ecosystem-research/
RT news,Ukraine had plans to blow up nuclear plants – ex-Zelensky aide,"Sat, 22 Mar 2025 13:22:40 +0000","The US sees the country’s leadership as “apes with a grenade,” and wants to take over the facilities to offset the risks, Aleksey Arestovich has claimed Ukraine&rsquo;s military intelligence chief Kirill Budanov proposed blowing up nuclear power plants to deny them to Russia if Kiev started losing in the conflict, Aleksey Arestovich, a former aide to Vladimir Zelensky, has claimed. In an interview with journalist Alexandr Shelest on Friday, Arestovich weighed in on remarks by US President Donald Trump, who suggested that American ownership of Ukrainian nuclear power plants &ldquo;could be the best protection for that infrastructure.&rdquo;&nbsp; According to Arestovich,",https://www.rt.com/russia/614631-ukraine-plans-blow-nuclear-plants/?utm_source=rss&utm_medium=rss&utm_campaign=RSS
ABC News,2 firefighters die in South Korea as dry winds fuel dozens of wildfires,"Sat, 22 Mar 2025 08:54:48 -0400",At least two firefighters have died and hundreds of people have been evacuated from their homes in South Korea as emergency workers struggled to contain more than 30 wildfires fueled by dry winds,https://abcnews.go.com/International/wireStory/2-firefighters-die-south-korea-dry-winds-fuel-120053273
RT news,Journalists accuse IAEA of bias over attacks on Europe’s largest nuclear plant,"Sat, 22 Mar 2025 12:50:14 +0000","A group of international reporters say Ukraine is behind the attacks on the Russian Zaporozhye facility A group of international journalists that recently toured Russia&rsquo;s Zaporozhye Nuclear Power Plant (ZNPP) have accused Ukraine of being behind repeated bombing of the facility. They also questioned the International Atomic Energy Agency&rsquo;s (IAEA) persistent refusal to identify the source of the attacks. The ZNPP, Europe&rsquo;s largest nuclear power station, has been under Russian control since March 2022 and is located in a region that later voted to join Russia following a public referendum. The plant&rsquo;s operations are now overseen by Russian state-owned nuclear",https://www.rt.com/russia/614618-journalists-iaea-bias-nuclear-plant/?utm_source=rss&utm_medium=rss&utm_campaign=RSS
Fox News,Israeli official warns of the growing 'tsunami' of antisemitism,"Sat, 22 Mar 2025 08:10:17 -0400","As Israel comes into focus amid the ongoing war against Hamas, antisemitism has risen across the globe. The Anti-Defamation League (ADL) said it recorded over 10,000 antisemitic incidents in the U.S. between Oct. 7, 2023, and Oct. 6, 2024. The ADL said it was the highest number of incidents ever recorded in a single year since it began tracking such data in 1979. In the aftermath of the deadliest day for the Jewish people since the Holocaust, protests erupted on university campuses and in the streets of major cities. In fact, on Oct. 8, 2023 —just one day after the",https://www.foxnews.com/world/israeli-official-warns-growing-tsunami-antisemitism
RT news,Boxing legend George Foreman dies at 76,"Sat, 22 Mar 2025 12:07:18 +0000","Foreman won the world heavyweight championship twice during his decades-long career Legendary boxer and two-time world heavyweight champion George Foreman has passed away at the age of 76, his family said on Saturday in a post on Instagram. Known as &lsquo;Big George&rsquo; in the ring, the American athlete built a long, remarkable career in the sport. Foreman&rsquo;s career started with amateur boxing after moving from Texas to California. He retired in 1997 with a career record of 76 wins, 68 by knockouts, and only five losses. &ldquo;With profound sorrow, we announce the passing of our beloved George Edward Foreman Sr,",https://www.rt.com/news/614622-boxer-george-foreman-dies/?utm_source=rss&utm_medium=rss&utm_campaign=RSS
ABC News,Russia accuses an 'unfriendly state' of planning the 2004 Moscow concert hall assault,"Sat, 22 Mar 2025 07:21:51 -0400","One year since the Moscow concert hall attack killed 145 people, Russian officials have asserted that it was planned and organized by &ldquo;the special services of an unfriendly state.&rdquo;",https://abcnews.go.com/International/wireStory/russia-accuses-unfriendly-state-planning-2004-moscow-concert-120053043
ABC News,Denmark advises transgender people to contact US Embassy before traveling to US,"Sat, 22 Mar 2025 07:13:41 -0400",The Danish foreign ministry has changed its U.S. travel advisory for transgender people,https://abcnews.go.com/International/wireStory/denmark-advises-transgender-people-contact-us-embassy-traveling-120052522
ABC News,Sudanese military says it seized key buildings in Khartoum after retaking the Republican Palace,"Sat, 22 Mar 2025 07:12:49 -0400","Sudan&rsquo;s military has consolidated its grip on the capital, retaking more key government buildings a day after it gained control of the Republican Palace from a notorious paramilitary group",https://abcnews.go.com/International/wireStory/sudanese-military-seized-key-buildings-khartoum-after-retaking-120052436
Fox News,Trump eyes control of Ukraine's nuclear plants as US prepares ceasefire talks with Russia,"Sat, 22 Mar 2025 07:00:02 -0400","As top U.S. officials prepare for a meeting with a Russian delegation in Saudia Arabia Sunday, questions have mounted over how the Trump administration will push Moscow to extend a preliminary ceasefire. Russian President Vladimir Putin this week agreed to temporarily halt strikes on Ukraine’s energy infrastructure, which includes Europe’s largest nuclear power plant, the Zaporizhzhia Nuclear Power Station. Secretary of State Marco Rubio and National Security Advisor Mike Waltz, who will both travel to Jeddah for the negotiations, said the next step will be to secure a ceasefire over the Black Sea.MILITARY LEADERS TO MEET ON UK-FRANCE 'COALITION OF",https://www.foxnews.com/world/trump-eyes-control-ukraines-nuclear-plants-us-prepares-ceasefire-talks-russia
RT news,Concert hall terrorist attack masterminded by ‘unfriendly country’ – Moscow,"Sat, 22 Mar 2025 10:58:32 +0000","The aim of the assault on Crocus City Hall was to destabilize Russia, the Investigative Committee has said The deadly terrorist attack at the Crocus City Hall concert venue near Moscow was masterminded by the intelligence services of an &ldquo;unfriendly country,&rdquo; Russia&rsquo;s Investigative Committee has claimed on the anniversary of the massacre. Four gunmen stormed the Crocus City Hall ahead of a rock concert on March 22, 2024, shooting everyone in sight before setting the building on fire. A terrorist organization known as Islamic State-Khorasan (ISIS-K) claimed responsibility for the assault, which took 145 lives and left over 550 injured.",https://www.rt.com/russia/614621-crocus-terrorist-attack-unfriendly/?utm_source=rss&utm_medium=rss&utm_campaign=RSS
ABC News,"Dozens of civilians killed in jihadi attack in Niger, authorities say","Sat, 22 Mar 2025 06:55:10 -0400",Niger authorities say an attack by a jihadi group on a village in western Niger has killed 44 civilians,https://abcnews.go.com/International/wireStory/44-civilians-killed-jihadi-attack-niger-authorities-120052339
RT news,"Elections in Ukraine, Kiev’s NATO ambitions: Key takeaways from Trump envoy’s interview","Sat, 22 Mar 2025 10:48:56 +0000","The US has made “tremendous progress” in settling the conflict during talks with Russia, Steve Witkoff has told Tucker Carlson The US has achieved significant progress in negotiations with Russia aimed at settling the Ukraine conflict, Steve Witkoff, US President Donald Trump&rsquo;s special envoy to the Middle East, has told American journalist Tucker Carlson. In an hour-and-a-half interview released Friday, the envoy signaled that Ukraine has apparently agreed to stay out of NATO &ndash; one of Moscow&rsquo;s key demands in the conflict &ndash; with the key issue being the fate of former Ukrainian territories that voted overwhelmingly to join Russia.",https://www.rt.com/news/614620-witkoff-interview-ukraine-recap/?utm_source=rss&utm_medium=rss&utm_campaign=RSS
ABC News,Detained Istanbul mayor faces 2nd day of questioning as protests intensify,"Sat, 22 Mar 2025 06:14:29 -0400",Istanbul Mayor Ekrem Imamoglu has appeared before police for questioning on terror-related charges a day after his interrogation over corruption allegations,https://abcnews.go.com/International/wireStory/detained-istanbul-mayor-faces-2nd-day-questioning-protests-120051846
RT news,New IOC president opposes Olympic bans over involvement in armed conflicts,"Sat, 22 Mar 2025 09:45:31 +0000","Kirsty Coventry has pledged to open talks on Russia’s potential return to the Games Incoming International Olympic Committee (IOC) President Kirsty Coventry has said she does not support banning athletes from the Olympics based on their countries&rsquo; involvement in armed conflicts. In an interview to Sky News on Friday, she also announced plans to initiate discussions about Russia&rsquo;s return to competition.&nbsp; Russian and Belarusian athletes were prohibited from competing in the Games shortly after the escalation of the Ukraine conflict in February 2022. The IOC also insisted that international sports federations follow suit, leading to both countries being excluded from",https://www.rt.com/news/614616-ioc-coventry-against-banning-war/?utm_source=rss&utm_medium=rss&utm_campaign=RSS
RT news,Romanian police launch anti-Georgescu crackdown (VIDEOS),"Sat, 22 Mar 2025 09:31:50 +0000","The authorities have raided the homes of several TikTok influencers suspected of voter bribery linked to the opposition figure’s campaign Romanian prosecutors have launched a sweeping crackdown on supporters of opposition figure Calin Georgescu, detaining a prominent influencer and conducting raids tied to alleged voter bribery during the 2024 presidential campaign. Georgescu, a critic of NATO, the EU, and aid to Ukraine, won an unexpected first-round victory in last year&rsquo;s election. The results were promptly annulled by Romania&rsquo;s Constitutional Court, citing funding irregularities. No evidence of wrongdoing by Georgescu has surfaced, but the authorities accused social media influencers of swaying",https://www.rt.com/news/614619-romanian-police-georgescu-crackdown/?utm_source=rss&utm_medium=rss&utm_campaign=RSS
BBC,Why Trump is struggling to secure fast ceasefire in Ukraine,"Sat, 22 Mar 2025 08:45:06 GMT",Trump said he would end the war in Ukraine in 24 hours. The reality is proving far more difficult.,https://www.bbc.com/news/articles/c89yngk2z7qo
ABC News,At least 3 killed in Russian attacks on Ukraine's Zaporizhzhia despite limited truce,"Sat, 22 Mar 2025 04:39:16 -0400","Ukrainian officials say Russian drones have struck the city of Zaporizhzhia, killing three people and wounding 12",https://abcnews.go.com/International/wireStory/3-people-killed-russian-attacks-ukraines-zaporizhzhia-despite-120051754
ABC News,Flights resume at London Heathrow after daylong closure sparked travel chaos,"Sat, 22 Mar 2025 04:23:22 -0400","Heathrow Airport says it is &ldquo;fully operational&rdquo; on Saturday, after an almost daylong closure sparked by an electrical substation fire",https://abcnews.go.com/International/wireStory/flights-resume-london-heathrow-after-daylong-closure-sparked-120051663
BBC,Heavyweight boxing legend George Foreman dies aged 76,"Sat, 22 Mar 2025 08:06:34 GMT",Foreman won his first world heavyweight championship in 1973 and lost it a year later to Muhammad Ali in the famous Rumble in the Jungle fight.,https://www.bbc.com/news/articles/ckg8ez8201yo
RT news,Trump awards contract for ‘the most lethal aircraft ever’ to Boeing,"Sat, 22 Mar 2025 08:06:11 +0000","The F-47 is “something the likes of which nobody has seen before,” the US president has said US President Donald Trump has said he has awarded Boeing the contract to build the Air Force&rsquo;s next-generation fighter jet. The state-of-the-art aircraft will be named the F-47, Trump, the 47th US president, announced at the Oval Office on Friday. &ldquo;At my direction, the US Air Force is moving forward with the world&rsquo;s first sixth-generation fighter jet, number six, sixth generation, nothing in the world comes even close to it,&rdquo; he said. According to the president, the jet has been in the works",https://www.rt.com/news/614615-trump-us-f47-boeing/?utm_source=rss&utm_medium=rss&utm_campaign=RSS
RT news,South Africa’s ‘femicide’ emergency deepens – report,"Sat, 22 Mar 2025 07:50:09 +0000","According to data cited by a University of Cape Town professor, three women have been killed by an intimate partner per day since 2009 Inadequate resources and the poor implementation of laws that are supposed to protect women are hampering the efforts against the scourge of femicide and intimate partner violence (IPV).&nbsp; IPV has been thrust into focus again this week as the National Prosecuting Authority (NPA) announced that the attempted murder case against Edwin Sodi has been struck from the Randburg Magistrate&rsquo;s Court&rsquo;s roll.&nbsp; This also comes days after Cape Town convicted murderer, Wayne Lawrence, was sentenced to a",https://www.rt.com/africa/614593-south-africas-femicide-emergency-deepens/?utm_source=rss&utm_medium=rss&utm_campaign=RSS
BBC,'It was like I was mugged' - Foreman reflects on Rumble in the Jungle,"Sat, 22 Mar 2025 07:38:30 GMT","The heavyweight champion, who has died at the age of 76, says ""he went with two titles belts and came home with none.""",https://www.bbc.com/news/videos/cjevjnejdg9o
RT news,Russia ‘100%’ doesn’t want to invade ‘Europe’ – Trump envoy,"Sat, 22 Mar 2025 07:32:23 +0000","The idea that Moscow would attack NATO is “preposterous,” Steve Witkoff has said Russia has no desire to invade other European countries, US special envoy for the Middle East Steve Witkoff has said, dismissing such fears as &ldquo;preposterous.&rdquo; He made the remarks in an interview with American journalist Tucker Carlson on Friday. Asked to comment on the UK&rsquo;s declaration that it is ready to send troops to Ukraine to help guarantee a potential peace deal between Moscow and Kiev, Witkoff suggested that British policymakers want to be &ldquo;like Winston Churchill,&rdquo; who warned that &ldquo;the Russians are going to march across",https://www.rt.com/news/614614-russia-doesnt-want-invade-europe-witkoff/?utm_source=rss&utm_medium=rss&utm_campaign=RSS
CBS News,3/21: CBS Evening News,"Sat, 22 Mar 2025 03:30:21 -0400","Judge rebukes Trump administration for ignoring orders in deportation flights case; Mariah Carey wins ""All I Want for Christmas Is You"" copyright dispute",https://www.cbsnews.com/video/032125-cbs-evening-news/
Huffington Post,'Beyond A Legend': Social Media Pays Tribute To George Foreman,"Sat, 22 Mar 2025 01:37:19 -0400","Celebrities and sports figures reflected on Foreman's contributions to ""boxing and beyond"" following news of his death.",https://www.huffpost.com/entry/george-foreman-social-media-tributes_n_67de37d1e4b0ea299d081851
ABC News,Electric tricycles are a ticket to respect and prosperity for some rural women in Zimbabwe,"Sat, 22 Mar 2025 01:02:20 -0400",Electric tricycles are transforming the lives of some women in parts of rural Zimbabwe,https://abcnews.go.com/International/wireStory/electric-tricycles-ticket-respect-prosperity-rural-women-zimbabwe-120051188
ABC News,A weak Pope Francis is wielding power and rewriting the narrative of how popes exercise authority,"Sat, 22 Mar 2025 01:02:17 -0400","Over 12 years, Francis has sought to normalize the papacy with his informal style and disdain for pomp while still wielding the awesome power of the papacy",https://abcnews.go.com/International/wireStory/weak-pope-francis-wielding-power-rewriting-narrative-popes-120051183
ABC News,A rare peek at the hidden waterworks behind Rome’s Trevi Fountain,"Sat, 22 Mar 2025 00:46:29 -0400","The Trevi Fountain, arguably the world&rsquo;s most famous, has graced screens for decades, from Fellini&rsquo;s &ldquo;La Dolce Vita&rdquo; to Netflix&rsquo;s &ldquo;Emily in Paris.&rdquo;",https://abcnews.go.com/International/wireStory/rare-peek-hidden-waterworks-romes-trevi-fountain-120051185
RT news,Ukraine will hold elections – Trump envoy,"Sat, 22 Mar 2025 03:57:43 +0000","Both the US and Russia have questioned the legitimacy of Vladimir Zelensky, whose presidential term expired last year Ukraine will hold a presidential election, US President Donald Trump&rsquo;s Middle East envoy, Steve Witkoff, has told American journalist Tucker Carlson.&nbsp; Vladimir Zelensky&rsquo;s five-year presidential term expired in May 2024, after which he refused to hold new elections, citing martial law. Russian President Vladimir Putin has said he no longer considers Zelensky a legitimate ruler and argued that his current status could be an obstacle to signing a definitive peace deal. In February, Trump labeled Zelensky &ldquo;a dictator without elections,&rdquo; and claimed",https://www.rt.com/news/614613-ukraine-elections-zelensky-witkoff/?utm_source=rss&utm_medium=rss&utm_campaign=RSS
RT news,Trump envoy shares details from meeting with Putin,"Sat, 22 Mar 2025 02:43:15 +0000","The Russian president expressed concerns that Ukraine would violate a ceasefire, Steve Witkoff has claimed US President Donald Trump&rsquo;s Middle East envoy, Steve Witkoff, has said that Russian President Vladimir Putin expressed concerns to him that Ukraine would violate a potential ceasefire. In an interview with American journalist Tucker Carlson published on Friday evening, Witkoff shared some details from his meeting with Putin, which took place on March 13 in Moscow. Witkoff traveled to the Russian capital as part of Trump&rsquo;s shuttle diplomacy aimed at mediating an end to the Ukraine conflict. &ldquo;There are conditions that the Russians will need",https://www.rt.com/news/614612-witkoff-putin-meeting-ceasefire/?utm_source=rss&utm_medium=rss&utm_campaign=RSS
Huffington Post,Trump Claims He Didn't Sign Proclamation Invoking Alien Enemies Act,"Fri, 21 Mar 2025 22:24:22 -0400",Trump's distancing from his proclamation comes less than a week after he baselessly claimed that his predecessor Joe Biden used an autopen.,https://www.huffpost.com/entry/trump-claims-didnt-sign-alien-enemies-act-proclamation_n_67de0ba9e4b0e57035fa192b
Huffington Post,"George Foreman, Boxing Legend And Grill King, Dead At 76","Fri, 21 Mar 2025 22:23:36 -0400",The Olympic gold medal-winning boxer was known for some of the sport's most iconic fights and a memorable comeback to reclaim his world title.,https://www.huffpost.com/entry/george-foreman-dead-76-obit_n_67de1959e4b0e57035fa1a53
Huffington Post,Fox News Host Hits Jeanine Pirro With A Wicked Trump Question Fit For A King,"Fri, 21 Mar 2025 22:14:20 -0400","Jessica Tarlov called out the ""ritualistic"" talk from Republicans after the president made changes to decor in the Oval Office.",https://www.huffpost.com/entry/fox-news-jessica-tarlov-jeanine-pirro-trump-decor_n_67ddf8aae4b0e57035fa1681
CBS News,London's Heathrow Airport resumes some flights after huge power cut,"Fri, 21 Mar 2025 21:56:00 -0400","London's Heathrow Airport​, one of the busiest airports in the world, was shut down by a power outage caused by a fire at an electrical substation.",https://www.cbsnews.com/news/heathrow-airport-london-closes-power-outage/
ABC News,UNICEF calls on the Taliban to lift ban on girls' education as new school year begins in Afghanistan,"Fri, 21 Mar 2025 21:50:53 -0400",A United Nations agency is urging Afghanistan&rsquo;s Taliban rulers to immediately lift a lingering ban on girls&rsquo; education to save the future of millions who have been deprived of their right to education since the Taliban returned to power in 2021,https://abcnews.go.com/International/wireStory/unicef-calls-taliban-lift-ban-girls-education-new-120047462
ABC News,Japan host talks with China and South Korea,"Fri, 21 Mar 2025 21:50:28 -0400","Foreign ministers from Japan and its two neighboring Asian powers China and South Korea held a meeting Saturday to seek common ground on areas like low birth rates, natural disasters and cultural exchanges at a time of growing tensions",https://abcnews.go.com/International/wireStory/japan-host-talks-china-south-korea-120047171
ABC News,AP PHOTOS: Aerial views of a controversial copper mine,"Fri, 21 Mar 2025 21:50:26 -0400","Between emerald sea and jungled hills, the Cobre Panama copper mine has fueled mass protests across the Central American country. Buried in the rolling hills and dense jungles of Panama&rsquo;s eastern Caribbean Donoso region, the mine is marked by heavy machinery and rubble slicing into the earth, clashing with the vivid blues and green of the vast nature enveloping it. More than a year ago, it became the heart of protests rippling across Panama. The country-wide protests blocked off roads and fueled shortages in much of the country, prompting Panama&rsquo;s Supreme Court to halt operations. Now, the new administration is",https://abcnews.go.com/International/wireStory/ap-photos-aerial-views-controversial-copper-mine-120046788
RT news,Trump denies claim that Russia rejected Ukraine ceasefire,"Sat, 22 Mar 2025 00:40:36 +0000","The US president has said he did not try to impose a deadline on Moscow, adding that he is optimistic about ending the conflict US President Donald Trump has denied claims that Russia rejected his proposal for a Ukraine ceasefire. He reiterated that he is optimistic about ending the conflict.&nbsp; Trump briefly spoke to reporters outside the White House on Friday, saying he &ldquo;had a couple of good conversations today&rdquo; about Ukraine, without elaborating. A journalist asked Trump whether he presented a deadline for a ceasefire to Russian President Vladimir Putin. &ldquo;Not a deadline, but I think we&rsquo;ll have [a",https://www.rt.com/news/614611-trump-rejects-russia-ceasefire-rejection/?utm_source=rss&utm_medium=rss&utm_campaign=RSS
Huffington Post,North Carolina Justices Say Family Can Sue Over Unwanted COVID-19 Shot,"Fri, 21 Mar 2025 18:42:40 -0400",The ruling reverses a lower-court decision that declared a federal health emergency law blocked the litigation.,https://www.huffpost.com/entry/bc-us-virus-outbreak-north-carolina-vaccine_n_67dde9dde4b0668cb77fac29
BBC,Will recapture of presidential palace change course of Sudan war?,"Fri, 21 Mar 2025 22:22:54 GMT","Sudan's army has retaken the presidential palace from the Rapid Support Forces (RSF), but what's next after two years of war?",https://www.bbc.com/news/articles/c5y06pygdj7o
ABC News,"Kurds in Iraq, Syria celebrate Newroz festival of spring","Fri, 21 Mar 2025 17:58:21 -0400","Kurds in Iraq and Syria this week have marked the Newroz festival, a traditional celebration of spring and renewal, at a time when many are hoping that a new political beginning is on the horizon",https://abcnews.go.com/International/wireStory/kurds-iraq-syria-celebrate-newroz-festival-spring-time-120041289
CBS News,3/16: CBS Weekend News,"Fri, 21 Mar 2025 17:47:01 -0400","Deadly storm spawns tornadoes, killing over 30; Southern California company looks to make sustainable guitars",https://www.cbsnews.com/video/031625-cbs-weekend-news/
CBS News,3/17: CBS Evening News,"Fri, 21 Mar 2025 17:47:01 -0400",White House defends decision to deport alleged gang members amid legal fight; Millions take on labor and costs of aging loved ones' long-term care,https://www.cbsnews.com/video/031725-cbs-evening-news/
CBS News,3/18: CBS Evening News,"Fri, 21 Mar 2025 17:47:01 -0400",NASA astronauts return to Earth after nine months in space; 100 years since deadliest tornado in U.S. history,https://www.cbsnews.com/video/031825-cbs-evening-news/
CBS News,3/19: CBS Evening News,"Fri, 21 Mar 2025 17:47:01 -0400",Venezuelan migrant with no criminal record deported to El Salvador; Mexico City bans violent bullfighting,https://www.cbsnews.com/video/031925-cbs-evening-news/
RT news,Two dead in Ukrainian drone attacks on Russian border region – governor,"Fri, 21 Mar 2025 21:44:20 +0000","The strikes in Belgorod Region have also left seven people injured, Vyacheslav Gladkov has said Two people have been killed in a series of Ukrainian drone attacks on the Russian border region of Belgorod, Governor Vyacheslav Gladkov said on Telegram on Friday. Around a dozen settlements in the region were attacked, according to the governor&rsquo;s data. One attack killed a civilian and severely injured another in a village located around 18km from Russia&rsquo;s border with Ukraine, Gladkov said. Two attacks against other settlements left one civilian injured in each, he added. Closer to the evening, a Ukrainian UAV struck a",https://www.rt.com/russia/614610-ukrainian-drone-attacks-russian-dead/?utm_source=rss&utm_medium=rss&utm_campaign=RSS
Huffington Post,Parents Whose Unvaccinated Child Died From Measles Say They Remain Anti-Vaccine,"Fri, 21 Mar 2025 17:43:40 -0400","“We would absolutely not take the MMR,” the mother said after her daughter became the nation's first death from the highly contagious, but preventable, disease in a decade.",https://www.huffpost.com/entry/texas-parents-unvaccinated-measles-child-no-regrets_n_67dd5f88e4b0be6b7359ec01
RT news,Trump says he’s serious about Canada,"Fri, 21 Mar 2025 21:19:34 +0000","The president has repeatedly floated the idea of annexing the United States’ northern neighbor US President Donald Trump has reaffirmed that he is serious about Canada being annexed by the United States. His statement comes amid an escalating trade war between the two neighbors, and follows a spate of comments from Trump claiming that Canada would be better off as the 51st state of the US. Speaking to reporters in the Oval Office on Friday, Trump reiterated his prior claims that the US subsidizes its northern neighbor by hundreds of billions of dollars a year, claiming a massive bilateral trade",https://www.rt.com/news/614607-trump-serious-about-canada/?utm_source=rss&utm_medium=rss&utm_campaign=RSS
Huffington Post,Rapper Yella Beezy Facing Capital Murder Charge In Shooting Death Of Rapper Mo3,"Fri, 21 Mar 2025 17:14:09 -0400","Yella Beezy, 33, whose real name is Markies Conway, is accused of hiring a man named Kewon White to murder Mo3, whose real name was Melvin Noble.",https://www.huffpost.com/entry/bc-ent-dallas-rapper-arrest-shooting_n_67ddd53fe4b0087232534122
ABC News,"Italy's Constitutional Court allows singles to adopt foreign kids, ending 40-year ban","Fri, 21 Mar 2025 17:04:56 -0400","Italy&rsquo;s Constitutional Court has ruled that unmarried people can adopt foreign minors, ending a 40-year-long ban on the practice and setting a precedent that could pave the way to allowing Italian singles to adopt from within the country",https://abcnews.go.com/International/wireStory/italys-constitutional-court-allows-singles-adopt-foreign-minors-120036517
RT news,Ukrainian drone strikes apartment block in southern Russia – governor (PHOTOS),"Fri, 21 Mar 2025 20:59:34 +0000","Two people were injured in the attack in the city of Rostov-on-Don, the regional head has said A Ukrainian drone has struck a tall apartment complex in the southern Russian city of Rostov-on-Don, Rostov Region Governor Yury Slyusar has said. The UAV caused an explosion on the 17th floor of the high-rise building, he wrote on Telegram on Friday evening. &ldquo;According to preliminary data, there are no casualties. Two people have been injured. The information is being clarified,&rdquo; he&nbsp;wrote.&nbsp; Local Telegram news channels said the UAV crashed into a wall and detonated, with the blast shattering windows in several apartments.",https://www.rt.com/russia/614609-drone-attack-rostov-ukraine/?utm_source=rss&utm_medium=rss&utm_campaign=RSS
Huffington Post,Elon Musk 'Financially Retaliated Against' Son He Shares With Ashley St. Clair: Lawyer,"Fri, 21 Mar 2025 16:57:41 -0400","An attorney representing Ashley St. Clair said the Tesla founder had also filed an emergency gag order against her client, but was denied.",https://www.huffpost.com/entry/elon-musk-ashley-st-clair_n_67ddb6dce4b01b30cdda595a
ABC News,Peru's Congress votes to oust the interior minister for failing to halt killings,"Fri, 21 Mar 2025 16:54:03 -0400",Peru&rsquo;s Congress has voted to remove the interior minister from office after deciding that he had failed to adequately handle rising violent crime in the Andean country,https://abcnews.go.com/International/wireStory/perus-congress-votes-oust-interior-minister-failing-halt-120039416
Huffington Post,"'Pirate's Booty' Founder Goes Rogue, Attempts City Council Coup","Fri, 21 Mar 2025 16:47:40 -0400","""I'm interpreting the law any way I want, the way Trump would interpret laws as he sees fit,"" the snack magnate told a local paper.",https://www.huffpost.com/entry/pirates-booty-mayor-coup-new-york_n_67ddaf97e4b0706f276d8331
RT news,Russian central bank chief pours cold water on crypto,"Fri, 21 Mar 2025 20:39:51 +0000","Cryptocurrencies are still “very volatile” and are used for shady transactions, Elvira Nabiullina has warned The head of Russia&rsquo;s central bank, Elvira Nabiullina, has called for settlements in cryptocurrencies to be banned in the country. Russia currently allows cryptocurrency mining and experimental foreign-trade settlements in crypto. Speaking at a press conference on Friday, Nabiullina stated that cryptocurrencies are still &ldquo;very volatile [financial] instruments often used for shady operations.&rdquo; They should not be allowed to serve as a means of payment, she maintained. Last year, Russian President Vladimir Putin raised the issue of regulating cryptocurrencies and digital assets, calling it a",https://www.rt.com/business/614608-russia-cold-water-crypto/?utm_source=rss&utm_medium=rss&utm_campaign=RSS
RT news,Conor McGregor touts bid for Irish presidency,"Fri, 21 Mar 2025 19:32:36 +0000","The former UFC star has vowed to oppose EU immigration policy in Ireland if elected Former UFC champion Conor McGregor has again announced that he&rsquo;ll run for Irish president in this year&rsquo;s elections, and promised to oppose the EU Migration Pact, adopted by the European Parliament last year, if he wins. &ldquo;The next presidential election must take place by 11 Nov 2025. Who else will stand up to Government and oppose this bill? I will!&rdquo; McGregor wrote on X on Thursday. &ldquo;As President, I would put forth this bill to referendum,&rdquo; he wrote, adding that &ldquo;it is neither mine nor",https://www.rt.com/news/614606-conor-mcgregor-touts-bid-for/?utm_source=rss&utm_medium=rss&utm_campaign=RSS
Huffington Post,Jasmine Crockett Has 1 Birthday Wish — And It Involves Elon Musk,"Fri, 21 Mar 2025 15:24:25 -0400","She elaborated on her reasoning, making it clear that her concerns run deeper than a personal vendetta.",https://www.huffpost.com/entry/jasmine-crockett-elon-musk-birthday-wish_n_67dd975de4b0087232531d0f
Fox News,"Sudan's military says it has retaken Khartoum's Republican Palace, seat of country's government","Fri, 21 Mar 2025 15:09:06 -0400","Sudan's military on Friday retook the Republican Palace in Khartoum, the last heavily guarded bastion of rival paramilitary forces in the capital, after nearly two years of fighting.The seizure of the Republican Palace, surrounded by government ministries, was a major symbolic victory for Sudan's military against the paramilitary Rapid Support Forces — though it likely doesn't mean the end of the war as the RSF holds territory in Sudan's western Darfur region and elsewhere.SUDAN'S ARMY DENOUNCES VIDEO ALLEGEDLY SHOWING ITS TROOPS CARRYING SEVERED HEADS OF ENEMIESSocial media videos showed Sudanese soldiers inside the palace, giving the date as the 21st",https://www.foxnews.com/world/sudans-military-says-has-retaken-khartoums-republican-palace-seat-countrys-government
Huffington Post,Trump Gives Weird Response To Fox News Question About Canada Statehood,"Fri, 21 Mar 2025 15:01:43 -0400","After Peter Doocy pointed out that annexing Canada could benefit liberals, the president went on a tangent about the border being ""an artificial line.""",https://www.huffpost.com/entry/trump-fox-news-canada-statehood_n_67dd9b78e4b0706f276d768c
BBC,Prince William rides in tank during Estonia visit,"Fri, 21 Mar 2025 19:00:47 GMT",The Prince of Wales has visited troops at a strategically important army base on Russia's border,https://www.bbc.com/news/videos/c3vw0dx5el0o
Huffington Post,Woman Drowned Dog In Airport Bathroom After Being Denied Boarding,"Fri, 21 Mar 2025 14:56:37 -0400",Authorities say the woman was prevented from bringing the white miniature schnauzer with her because of a paperwork issue.,https://www.huffpost.com/entry/ap-us-dog-drowned-airport_n_67ddb3cde4b01b30cdda5846
RT news,Musk’s X sues India over alleged censorship – media,"Fri, 21 Mar 2025 18:35:19 +0000","The platform alleges the government is bypassing Supreme Court rules and creating a parallel system to block content Elon Musk&rsquo;s social media platform X is challenging the Indian government over its approach to ordering the removal of certain content, according to reports. The company filed a lawsuit earlier this month accusing New Delhi of setting up a separate content removal mechanism that avoids legal checks designed to protect free speech. According to Reuters, the suit claims the Indian IT Ministry is encouraging other government departments to use a content-blocking website, Sahyog, launched by the Ministry of Home Affairs last year.&nbsp;",https://www.rt.com/india/614605-musks-x-sues-india/?utm_source=rss&utm_medium=rss&utm_campaign=RSS
RT news,Biden planning political comeback – NBC,"Fri, 21 Mar 2025 18:29:49 +0000","The former US president has reportedly offered to help the Democratic Party as its popularity sinks Former US President Joe Biden has offered to raise funds, campaign, and do whatever is needed to help Democrats regain ground lost to the Republicans during his tenure, NBC News reported on Friday, citing people familiar with the matter. Biden has reportedly made the offer in private conversations with party leaders, including a meeting last month with new Democratic National Committee chairman Ken Martin. The former president expressed his willingness to support the party amid its declining popularity, according to individuals familiar with the",https://www.rt.com/news/614604-biden-offers-help-democrats/?utm_source=rss&utm_medium=rss&utm_campaign=RSS
Huffington Post,Trump And A Powerhouse Law Firm Are Telling Different Stories About Their Shocking Agreement,"Fri, 21 Mar 2025 14:10:15 -0400",Paul Weiss buckled under Trump’s threats — but the firm’s chair circulated a different version of the “agreement” Trump published online.,https://www.huffpost.com/entry/paul-weiss-agreement-white-house-differences_n_67dda2cae4b00872325325f5
RT news,Von der Leyen criticized for skirting EU oversight,"Fri, 21 Mar 2025 17:36:30 +0000","The EU Commission may no longer bypass Parliament while pushing through spending plans, top lawmaker Roberta Metsola has said The EU&rsquo;s top lawmaker has criticized European Commission chief Ursula von der Leyen for ignoring the bloc&rsquo;s oversight rules when it comes to highly controversial, multi-billion Euro projects. European Parliament President Roberta Metsola launched her criticism at von der Leyen over her attempts to sideline proper procedures in authorizing &euro;150 billion in military industrial complex loans. The Commission claims that the EU must massively invest in its military, especially in order to allocate up to &euro;800 billion ($875 billion) in debt",https://www.rt.com/news/614600-leyen-criticized-spending/?utm_source=rss&utm_medium=rss&utm_campaign=RSS
RT news,US threatens Iran with regime change,"Fri, 21 Mar 2025 17:23:45 +0000","Secretary of State Marco Rubio has warned Tehran that President Trump would “take action” if nuclear diplomacy fails US President Donald Trump is prepared to take military action against Iran and could go as far as threatening Tehran if diplomatic efforts to renew dialogue on the country&rsquo;s nuclear program do not succeed, Secretary of State Marco Rubio has said. During his first term, Trump unilaterally withdrew from the Joint Comprehensive Plan of Action (JCPOA) deal, meant to facilitate dialogue on Iran&rsquo;s nuclear program, and imposed sanctions against Tehran. Since returning to the White House in January, Trump has urged the",https://www.rt.com/news/614602-us-iran-regime-change/?utm_source=rss&utm_medium=rss&utm_campaign=RSS
Huffington Post,MMA Fighter Conor McGregor Announces Irish Presidential Run After Meeting With Trump,"Fri, 21 Mar 2025 13:20:58 -0400","The former UFC star, who was found liable for raping a woman in 2018, is pushing an anti-immigration message.",https://www.huffpost.com/entry/conor-mcgregor-presidential-run-immigration_n_67dd8521e4b0ae8ea296e476
Huffington Post,'The Stupidity': James Carville Says Democrats Should Never Have Abandoned Rural Voters,"Fri, 21 Mar 2025 13:16:32 -0400",The longtime Democratic strategist says his party should “apologize to the world for being so goddamn stupid” and losing to Donald Trump for a second time.,https://www.huffpost.com/entry/james-carville-democrats-abandoned-rural-voters_n_67dd72fce4b008723252feef
BBC,Israel orders army to 'seize additional territories' in Gaza,"Fri, 21 Mar 2025 17:00:54 GMT",The defence minister says the IDF will increase the intensity of its operation in Gaza until Hamas releases hostages.,https://www.bbc.com/news/articles/clyj5vq4wnwo
Fox News,Iran's leader warns US could receive 'severe slaps' following Trump's threats to Houthis,"Fri, 21 Mar 2025 12:58:56 -0400","Iran's Supreme Leader Ayatollah Ali Khamenei warned Friday that the U.S. could receive ""severe slaps"" if they act ""with malice"" following President Donald Trump’s threats to Yemen’s Houthis, a report said. Americans ""make a big mistake and call regional resistance centers Iranian proxies. What does proxy mean?"" Khamenei said, according to Reuters. ""The Yemeni nation has its own motivation and the resistance groups in the region have their own motivations. Iran doesn't need proxies."" ""They issue threats,"" Khamenei reportedly added, claiming that ""we have never started a confrontation or conflict with anyone."" ""However, if anyone acts with malice and initiates",https://www.foxnews.com/world/irans-leader-warns-us-could-receive-severe-slaps-following-trumps-threats-houthis
RT news,Talks on dividing territory between Moscow and Kiev ongoing – Trump,"Fri, 21 Mar 2025 16:52:15 +0000","The two sides could reach an agreement on a full ceasefire “pretty soon,” the US President has said Negotiations about the terms of &ldquo;dividing up the lands&rdquo; between Moscow and Kiev are in full swing, US President Donald Trump has said. &ldquo;It&rsquo;s being negotiated as we speak,&rdquo; the president told journalists on Friday, referring to a possible solution to both sides territorial demands Four former Ukrainian territories &ndash; Kherson and Zaporozhye Regions as well as two Donbass Republics &ndash; officially joined Russia in autumn 2022 following a series of referendums. Kiev has never recognized the&nbsp;votes and continues to claim sovereignty",https://www.rt.com/news/614603-trump-ukraine-russia-land/?utm_source=rss&utm_medium=rss&utm_campaign=RSS
RT news,Ukrainian attack on EU-bound Russian gas pipeline: What happened,"Fri, 21 Mar 2025 16:50:25 +0000","Moscow has slammed the sabotage as a provocation that violates the partial ceasefire Russian officials have accused Ukrainian forces of destroying a gas metering station while retreating from the city of Sudzha in Kursk Region. Moscow has condemned the attack as an act of terrorism and a violation of the partial ceasefire agreed this week by the presidents of Russia and the US. Ukraine&rsquo;s Vladimir Zelensky promised to honor the agreement. The facility&rsquo;s role The Sudzha gas metering station is part of the Urengoy-Pomary-Uzhgorod pipeline, which runs through Russia&rsquo;s Kursk Region, into Ukraine and further into Europe. For decades, the",https://www.rt.com/russia/614601-ukraine-sudzha-gas-facility-attack/?utm_source=rss&utm_medium=rss&utm_campaign=RSS
BBC,'We will rescue anyone': BBC accompanies Syria's White Helmets after deadly attacks,"Fri, 21 Mar 2025 16:33:21 GMT",The BBC accompanies the civil defence group as they respond to violence in Syria's coastal region.,https://www.bbc.com/news/articles/cdrxmr64lp2o
Fox News,His brother’s keeper: Gal Dalal pleads for help as his brother Guy suffers in Hamas captivity,"Fri, 21 Mar 2025 11:55:21 -0400","Gal Dalal has spent nearly a year and a half fighting for the release of his brother, Guy Gilboa-Dalal, who was kidnapped by Hamas from the Nova music festival during the Oct. 7, 2023 attacks on Israel. Dalal wants the world to know who his brother was before he was a face on a poster and why getting Guy out of Gaza is urgent.""So, my brother is the most warm-hearted man I know. He's a very, very funny guy,"" Dalal told Fox News Digital. ""For me, he's actually my best friend. We share the same interests and hobbies and we",https://www.foxnews.com/world/his-brothers-keeper-gal-dalal-pleads-help-his-brother-guy-suffers-hamas-captivity
RT news,Broken promises and burned pipelines: Why diplomacy with Kiev is a dead end,"Fri, 21 Mar 2025 15:50:29 +0000","Ukraine blew up a Russian gas facility just days after a mutual agreement not to do just that. As if anyone expected something different. In a brazen act of duplicity, Ukraine has once again demonstrated that it is not a reliable partner for diplomacy &ndash; let alone peace. Mere days after a US-brokered agreement saw Moscow and Kiev commit to a mutual moratorium on targeting each other&rsquo;s energy infrastructure, Ukrainian forces reportedly launched a deliberate strike on a gas metering station in Russia&rsquo;s Kursk region. This was no accident, no miscommunication, and no unfortunate timing&mdash;it was a calculated breach of",https://www.rt.com/russia/614599-kiev-gas-attack-trust/?utm_source=rss&utm_medium=rss&utm_campaign=RSS
RT news,Top sponsors dumping San Francisco LGBT ‘pride’ – media,"Fri, 21 Mar 2025 15:49:03 +0000","Corporations have pulled around $300,000 in funding from the event, the organizer told news outlets A number of high-profile sponsors have pulled their financial support ahead of this year&rsquo;s LGBTQ Pride event in San Francisco, multiple media outlets have reported. This comes amid a push by the administration of US President Donald Trump to cut federal funding for programs related to diversity, equity, and inclusion (DEI). Multiple firms, including US telecommunications corporation Comcast; Diageo, the owner of such alcohol brands as Guinness and Smirnoff; and Anheuser-Busch, the company that owns Budweiser and Stella Artois, have pulled their financial support the",https://www.rt.com/news/614598-top-sponsors-dumping-san-francisco/?utm_source=rss&utm_medium=rss&utm_campaign=RSS
CBS News,"Spooked by U.S. immigration, Europeans rethink U.S. travel plans","Fri, 21 Mar 2025 11:25:47 -0400",Detentions of tourists at U.S. borders are making some Europeans think twice before visiting the U.S.,https://www.cbsnews.com/news/us-immigration-detaining-european-tourists-borders/
Fox News,American released by Taliban returns home to 'champion's welcome',"Fri, 21 Mar 2025 11:25:24 -0400","Taliban hostage George Glezmann landed at Joint Base Andrews in Maryland on Friday after more than 800 days in captivity in Afghanistan, where he received a ""champion's welcome.""""I feel born again,"" Glezmann told Fox News. ""I have no words.""""President Trump is amazing,"" he added before thanking Secretary of State Marco Rubio, National Security Advisor Mike Waltz and hostage envoy Adam Boehler. TALIBAN FREES AMERICAN HOSTAGE GEORGE GLEZMANN FOLLOWING NEGOTIATIONS WITH US, QATAR""A free American individual…abducted because of my U.S. passport.""""I've got no words to express my gratitude for my liberty,"" Glezmann added.His wife, Aleksandra, arrived shortly after her husband landed,",https://www.foxnews.com/world/american-released-taliban-returns-home-champions-welcome
RT news,Seizing Russian assets would be ‘an act of war’ – Belgian PM,"Fri, 21 Mar 2025 15:19:45 +0000","The move would trigger retaliation from Moscow, Bart De Wever has warned Confiscating Russian assets frozen in the EU would be considered &ldquo;an act of war,&rdquo; Belgian Prime Minister Bart De Wever has warned, according to Politico. He cautioned that such a&nbsp;move would likely provoke a response from Moscow. Western countries froze an estimated $300 billion worth of Russian sovereign funds following the escalation of the Ukraine conflict in February 2022. Around $213 billion of that is held by Euroclear, a Brussels-based clearing house. The frozen funds have already accrued billions in interest, of which Euroclear transferred &euro;1.55 billion ($1.63",https://www.rt.com/news/614592-belgium-russian-frozen-assets/?utm_source=rss&utm_medium=rss&utm_campaign=RSS
RT news,Germany’s Baerbock denied handshake by Syrian leader – again (VIDEO),"Fri, 21 Mar 2025 15:10:15 +0000","A similarly awkward scene took place when the German foreign minister visited Damascus in January German Foreign Minister Annalena Baerbock has been denied a handshake by Syrian President Ahmed Hussein al-Sharaa during their latest meeting in Damascus. A video from the talks on Thursday has captured al-Sharaa avoiding physical contact with the foreign dignitary and simply pointing her to her chair with his hand. A similarly awkward scene happened during Baerbock&rsquo;s first trip to the Syrian capital together with her French counterpart Jean-Noel Barrot in early January. At the time, al-Sharaa shook hands with Barrot, but explicitly avoided doing the",https://www.rt.com/news/614595-baerbock-germany-syria-handshake/?utm_source=rss&utm_medium=rss&utm_campaign=RSS
RT news,NATO state could triple army size – media,"Fri, 21 Mar 2025 15:04:19 +0000","The Netherlands is contemplating a plan to increase its total defense personnel from 75,000 to 200,000 The Netherlands is weighing a major expansion of its military forces, with the total number of personnel potentially rising to 200,000, Dutch public broadcaster NOS reported on Friday. At present, the Ministry of Defense employs approximately 75,000 people, including both military and civilian staff, and maintains a reserve force of about 8,000. However, State Secretary for Defense Gijs Tuinman has reportedly cited the 200,000 figure during a recent closed-door meeting with labor unions and ministry officials, according to NOS. In January, Tuinman publicly acknowledged",https://www.rt.com/news/614597-netherlands-triple-army-size/?utm_source=rss&utm_medium=rss&utm_campaign=RSS
RT news,Hungary secures Russian sanctions exemption from US,"Fri, 21 Mar 2025 14:56:10 +0000","The waiver will allow Budapest pay for gas via Gazprombank, the Hungarian foreign minister has said Budapest and Washington have agreed to exempt Hungarian payments for Russian gas from US sanctions, Hungarian Foreign Minister Peter Szijjarto has said. The transactions have been impossible since&nbsp;Washington&nbsp;cut Russia&rsquo;s Gazprombank,&nbsp;the last Russian lender to retain access to the SWIFT interbank messaging system, off from the US banking system in November. Thr US Treasury Department restrictions imposed blocking sanctions on more than 50 Russian financial institutions, including Gazprombank, and six of its international subsidiaries.&nbsp; &ldquo;Yesterday, we received information from Washington that Gazprombank has been granted",https://www.rt.com/russia/614594-hungary-us-sanctions-gas-russia/?utm_source=rss&utm_medium=rss&utm_campaign=RSS
RT news,Trump eyeing Crimea as ‘international resort’ – Hersh,"Fri, 21 Mar 2025 14:23:17 +0000","The renowned American journalist has claimed that the US president wants to do business with Putin US President Donald Trump is reportedly considering lifting sanctions against Moscow in order to turn Russia&rsquo;s Crimean Peninsula into a major international resort, Pulitzer Prize-winning journalist Seymour Hersh has reported, citing a White House official. Since his inauguration in January, Trump has pursued direct negotiations with Russian President Vladimir Putin to end the conflict in Ukraine. His administration has indicated that it is open to recognizing Moscow&rsquo;s sovereignty over Crimea and some of the Donbass as part of a potential peace deal.&nbsp; The Republic",https://www.rt.com/russia/614596-trump-crimea-resort-hersh/?utm_source=rss&utm_medium=rss&utm_campaign=RSS
RT news,European nations reconsidering troop deployment in Ukraine – FT,"Fri, 21 Mar 2025 14:11:40 +0000","Supporters of Kiev are shifting their strategy toward air and sea patrols, according to the newspaper European nations supporting Ukraine in the conflict with Russia are shifting away from the idea of deploying troops to the country, the Financial Times reported on Thursday. The claim is based on public statements from British Prime Minister Keir Starmer, who this week hosted military planners from 31 countries, as well as insider accounts of the discussions on how European nations could approach the end of hostilities. Russia has insisted that it will not tolerate troops from NATO countries in Ukraine, regardless of how",https://www.rt.com/news/614586-ukraine-peacekeepers-no-boots/?utm_source=rss&utm_medium=rss&utm_campaign=RSS
Fox News,Trump's hostage envoy Boehler met with Taliban in Kabul in first in-person meeting since takeover,"Fri, 21 Mar 2025 09:46:23 -0400","FIRST ON FOX: Hostage envoy Adam Boehler met in person with Taliban officials at the Kabul International Airport, Qatari sources told Fox News Digital, marking the first known time the White House has engaged with Afghanistan’s ""interim government"" following the 2021 takeover by the terrorist organization.While the meeting between Boehler and Afghan officials representing the Taliban’s foreign ministry met to secure the release of George Glezmann on Thursday, advisor and spokesman to Qatar's prime minister, Dr Majed al-Ansari, told Fox News Digital that other ""beneficial"" issues were discussed. ""U.S. envoy Adam Boehler came to Doha. He had meetings over here,",https://www.foxnews.com/world/trumps-hostage-envoy-boehler-met-taliban-kabul-first-person-meeting-since-takeover
RT news,EU finds way to bypass Hungary – Politico,"Fri, 21 Mar 2025 13:46:12 +0000","Budapest’s diplomats will not be invited to sign bloc statements on the Ukraine conflict, sources have told the outlet The EU has found a way to issue so-called &ldquo;joint&rdquo; statements on the Ukraine conflict, by bypassing Hungary&rsquo;s objections to the bloc&rsquo;s continued support for Kiev, Politico has reported. Hungary refused to endorse a bloc statement following Thursday&rsquo;s European Council meeting in Brussels, which reaffirmed Brussels&rsquo; stance on the Ukraine conflict, and the bloc&rsquo;s intentions to continue arming Kiev. However, a document ignoring Hungary&rsquo;s position was published as a formal European Council conclusion, bearing signatures from only 26 member-states, instead of",https://www.rt.com/news/614584-orban-hungary-eu-ukraine/?utm_source=rss&utm_medium=rss&utm_campaign=RSS
RT news,India greenlights major weapons and military equipment purchase,"Fri, 21 Mar 2025 13:39:46 +0000","New Delhi will acquire T-90 tank engines, anti-submarine torpedoes, and airborne early warning and control systems for the Air Force India&rsquo;s Defense Acquisition Council has granted initial approval for arms and equipment purchases exceeding 540 billion rupees ($6.26 billion), aimed at strengthening the country&rsquo;s military capabilities, it announced on Thursday. The proposed acquisitions include upgraded engines for the Indian Army&rsquo;s Russian-made T-90 battle tanks, additional anti-submarine torpedoes for the Navy, and airborne early warning and control systems for the Air Force. The procurement of&nbsp;T-90 tank engines will enhance the operational efficiency of one of India&rsquo;s most formidable battle tanks, the",https://www.rt.com/india/614591-india-greenlights-major-weapons-purchase/?utm_source=rss&utm_medium=rss&utm_campaign=RSS
CBS News,German lawmakers back new leader's plan for huge military spending boom,"Fri, 21 Mar 2025 09:35:41 -0400","Under pressure from Trump and with Russia menacing, Germany's incoming leader plans to revamp the country's defense posture. Can he deliver?",https://www.cbsnews.com/news/germany-defense-spending-friedrich-merz-trump-pressure-nato-ukraine-russia-war/
ABC News,19-year old is the latest death in Serbia canopy fall that triggered mass protests,"Fri, 21 Mar 2025 09:15:51 -0400","A 19-year-old has died in a hospital in Serbia, the 16th fatality of the collapse of a concrete canopy at a train station last November",https://abcnews.go.com/International/wireStory/19-year-dies-serbian-hospital-latest-death-canopy-120020972
RT news,Chinese AI rival spending 2% of ChatGPT’s budget – industry pioneer,"Fri, 21 Mar 2025 13:11:29 +0000","Kai-Fu Lee has cast doubt on the sustainability of OpenAI’s model compared to open-source DeepSeek An artificial intelligence pioneer has questioned the sustainability of ChatGPT creator OpenAI, noting that Chinese rival DeepSeek has been trained at a fraction of the cost. DeepSeek heated up an AI race between China and the US in January after launching an open-source version of its reasoning AI model, R1. Unlike its American rival ChatGPT, the Chinese bot is freely available without a subscription, which has helped it rapidly become the most downloaded app on Apple&rsquo;s and Google&rsquo;s stores. &ldquo;If you think about OpenAI&rsquo;s $7",https://www.rt.com/business/614573-deepseek-chatgpt-kai-fu-lee/?utm_source=rss&utm_medium=rss&utm_campaign=RSS
RT news,Ukrainian attack on gas facility an act of terrorism – Moscow,"Fri, 21 Mar 2025 13:08:39 +0000","A criminal probe has been launched by Russia’s Investigative Committee into the destruction of an energy facility on the border with Ukraine Russia&rsquo;s Investigative Committee has classified the attack on the Sudzha gas metering station on the border with Ukraine as an act of terrorism and launched a criminal probe, according to a statement. The incident in Kursk Region took place early on Friday. The facility had been previously used to deliver natural gas from Russia via Ukraine to consumers in European nations. &rdquo;On Thursday, Ukrainian military personnel, who had illegally invaded Russian territory, carried out a targeted bombing of",https://www.rt.com/news/614587-sudzha-attack-terrorism-probe/?utm_source=rss&utm_medium=rss&utm_campaign=RSS
RT news,US pulling back from sanctions enforcement against Russia – EU,"Fri, 21 Mar 2025 13:07:27 +0000","Washington has reportedly been “unresponsive” in working groups focused on monitoring restrictions The White House has scaled back its involvement in enforcing sanctions against Russia, as Washington continues to&nbsp;seek an end to the Ukraine conflict, according to anonymous EU officials cited by Bloomberg. Washington and Brussels have imposed numerous sanctions against Russia since the escalation of the Ukraine conflict in 2022 in a bid to isolate the country. They include a ban on Russia&rsquo;s seaborne oil shipments, cutting the country off from the Western financial system, freezing its foreign reserves, and many other restrictions. However, since President Donald Trump assumed",https://www.rt.com/news/614580-us-russia-sanctions-eu/?utm_source=rss&utm_medium=rss&utm_campaign=RSS
BBC,Israel's Supreme Court freezes PM's order to sack security chief,"Fri, 21 Mar 2025 13:02:45 GMT",Benjamin Netanyahu cited Shin Bet's failure to anticipate the 7 October attack - but the move sparked outrage and protests.,https://www.bbc.com/news/articles/cwygkknzn9yo
Huffington Post,‘She Is Not Hannibal’: Dad Details Horrific Way British Backpacker Daughter Was Treated By ICE,"Fri, 21 Mar 2025 08:52:00 -0400","Paul Burke detailed the ""punitive"" way his daughter Rebecca was treated prior to her deportation.",https://www.huffpost.com/entry/tourist-detained-conditions_n_67dd48cbe4b057e79d07a91e
RT news,Macron exploring ways to put boots on the ground in Ukraine – Telegraph,"Fri, 21 Mar 2025 12:44:44 +0000","The French President is reportedly looking to deploy foreign troops to the country through the UN French President Emmanuel Macron is reportedly considering using the United Nations to get European boots on the ground in Ukraine, the Telegraph reported on Thursday. The plan, primarily led by Paris and London, has repeatedly been opposed by Moscow. France and the UK have been promoting a &ldquo;coalition of the willing&rdquo; among NATO and EU states to send a purported peacekeeping force to Ukraine in the event of a possible peace deal between Moscow and Kiev. According to the Telegraph, during a European Council",https://www.rt.com/news/614588-france-ukraine-peacekeepers-un/?utm_source=rss&utm_medium=rss&utm_campaign=RSS
RT news,Sudanese army reclaims presidential palace (VIDEO),"Fri, 21 Mar 2025 12:39:42 +0000","A military official has claimed that soldiers have won a “historic” victory over a “terrorist militia” in the national capital The Sudanese army has regained full control of the presidential palace in the capital, Khartoum, from fighters of the paramilitary Rapid Support Forces (RSF), who had held it since war broke out in the African country in 2023. Central Khartoum has been a major battleground in recent weeks, with clashes intensifying last Sunday when soldiers advanced to the military&rsquo;s general command and gained control of surrounding areas, local media reported. According to the Sudan Tribune news agency, the army&rsquo;s operation",https://www.rt.com/africa/614589-sudanese-army-reclaims-presidential-palace/?utm_source=rss&utm_medium=rss&utm_campaign=RSS
Fox News,Israel orders IDF to seize more Gaza territory if Hamas doesn't release hostages,"Fri, 21 Mar 2025 08:08:22 -0400","Israeli Defense Minister Israel Katz has ordered the Israel Defense Forces (IDF) to seize more territory in Gaza if Hamas continues to refuse to release the hostages. Earlier this week, the IDF resumed the war in Gaza after a nearly two-month-long ceasefire that saw the release of 33 hostages.""If the terrorist organization Hamas continues to refuse to release the hostages, I have instructed the IDF to seize additional territories, while evacuating the population, and to expand the security zones around Gaza for the benefit of protecting Israeli communities and IDF soldiers, through permanent Israeli control of the territory,"" Katz said",https://www.foxnews.com/world/israel-orders-idf-seize-more-gaza-territory-hamas-doesnt-release-hostages
RT news,Musk decries ‘crazy’ Obama-era disinfo operation,"Fri, 21 Mar 2025 11:26:19 +0000","The federal government allegedly collaborated with “media censorship organizations” to manipulate public discourse from 2016 Elon Musk has described as &ldquo;crazy&rdquo; a federal initiative which allegedly sought to silence US citizens under the guise of fighting foreign disinformation. The Global Engagement Center (GEC), part of the US State Department, was launched in 2016 under President Barack Obama and operated until its closure in December 2024. The GEC is the subject of an investigation by the conservative advocacy group America First Legal (AFL) published on Thursday. The report scrutinized GEC communications with Washington's primary funding channel for political projects abroad, the",https://www.rt.com/news/614572-musk-online-censorship-gec/?utm_source=rss&utm_medium=rss&utm_campaign=RSS
Huffington Post,2 Men Convicted Over Plot To Assassinate Iranian-American Journalist In New York,"Fri, 21 Mar 2025 07:07:30 -0400",The purported mobsters were found guilty of plotting to kill Masih Alinejad at her home in a murder-for-hire scheme that prosecutors said was financed by Iran.,https://www.huffpost.com/entry/murder-plot-iranian-author_n_67dd43ebe4b0727e46b7a837
RT news,Kiev blew up metering station for EU-bound gas – Russia,"Fri, 21 Mar 2025 11:05:25 +0000","The destruction of the border energy facility is just the latest provocation by Ukraine, the Defense Ministry has said Ukrainian forces retreating from Russia&rsquo;s Kursk Region have destroyed the Sudzha gas metering station, the Defense Ministry in Moscow has reported. The incident took place early on Friday, roughly 20 minutes after midnight, the ministry said in a statement. The facility had been previously used to deliver fuel to consumers in European nations. Ukrainian forces seized the site in early August during their incursion into Kursk Region and used it as a secure logistics base, the ministry explained. The station, located",https://www.rt.com/russia/614583-kursk-ukraine-gas-explosion/?utm_source=rss&utm_medium=rss&utm_campaign=RSS
RT news,Trump slams NYT for ‘ridiculous’ Musk ‘fake news’,"Fri, 21 Mar 2025 10:56:56 +0000","The paper has claimed the billionaire would be briefed on sensitive plans for a potential war with China US President Donald Trump has refuted a New York Times (NYT) report claiming that billionaire Elon Musk would attend a top-secret Pentagon briefing on potential war plans with China. Musk, the head of the Department of Government Efficiency (DOGE) who also owns Tesla and X, was scheduled to visit the Defense Department on Friday for a classified briefing on how the US would respond to a potential conflict with Beijing, according to the NYT. Citing unnamed US officials, the report alleged that",https://www.rt.com/news/614581-trump-slams-nyt-ridiculous-china-war-plan/?utm_source=rss&utm_medium=rss&utm_campaign=RSS
Huffington Post,Maine Inn Owner Reveals Damning Impact Of Trump’s Canada Rhetoric On His Business,"Fri, 21 Mar 2025 06:41:17 -0400","Canadian anger is ""incredibly justified,"" said Sterling Morse, whose business is just 150 miles from the border and relies on Canadian tourists.",https://www.huffpost.com/entry/maine-hotel-owner-trump-canada_n_67dd3955e4b0727e46b7a3b2
RT news,Puck this: Could a Cold War relic help revitalize US-Russia relations?,"Fri, 21 Mar 2025 10:39:34 +0000","Hockey diplomacy: Can Putin and Trump revive a Cold War tradition? The power of sports to bring bitter enemies together is often debated, but history offers compelling examples. When Vladimir Putin, an avid hockey fan, suggested to Donald Trump (who in February was notable for his fierce support of his national team at the Four Nations Tournament) that Russia and the US organize a series of friendly matches between NHL and KHL players, the two leaders were likely drawing on past instances of sports diplomacy.&nbsp; The idea may seem ambitious given the current geopolitical climate, but history has shown that",https://www.rt.com/news/614571-cold-war-russia-us-relations/?utm_source=rss&utm_medium=rss&utm_campaign=RSS
RT news,EU capital flight tops $300 billion – European Council president,"Fri, 21 Mar 2025 10:29:21 +0000","Investors are pulling their money out of the bloc amid soaring energy prices and excessive red tape, according to Antonio Costa Capital outflow from the EU has reached &euro;300 billion ($325 billion) annually as retail and institutional investors move their money into assets outside the region, European Council President Antonio Costa has claimed in a remarks to the media&nbsp;published on Thursday. Costa's comment&nbsp;comes as the bloc considers doubling its military aid to Ukraine year-on-year&nbsp;while continuing to fulfil pledges of billions of euros to Kiev.&nbsp; Speaking to reporters following a European Council meeting, Costa said that officials in Brussels are seeking",https://www.rt.com/news/614579-eu-capital-outflow-costa/?utm_source=rss&utm_medium=rss&utm_campaign=RSS
RT news,Strategic DR Congo mining town falls to rebels,"Fri, 21 Mar 2025 10:23:08 +0000","The Congolese army has confirmed the loss of Walikale to M23 fighters Rebels from the M23 group have seized the strategic mining town of Walikale in eastern Democratic Republic of the Congo (DRC), marking their furthest westward advance in the ongoing conflict. Nestor Mavudisa, spokesperson for the country&rsquo;s armed forces (FARDC), confirmed on Thursday that rebels had taken control of the territory, which lies approximately 400km (250 miles) from Kisangani, the DRC&rsquo;s fourth-largest city. Walikale, home to approximately 15,000 residents, is rich in minerals such as tin and gold. The town fell on Wednesday after intense fighting between M23 forces",https://www.rt.com/africa/614575-drc-walikale-falls-to-rebels/?utm_source=rss&utm_medium=rss&utm_campaign=RSS
RT news,Lawmakers back emergency rule in oil-rich region of African state,"Fri, 21 Mar 2025 10:07:30 +0000","Nigerian lawyers have expressed their opposition to the measures imposed by the president in response to tensions Nigeria&rsquo;s parliament has approved President Bola Tinubu&rsquo;s state of emergency measures and the suspension of an opposition governor in oil-rich Rivers State, following a series of attacks that targeted crude oil pipelines. The West African nation&rsquo;s leader suspended Governor Siminalayi Fubara, his deputy, and local legislators elected in 2023 for a period of six months on Tuesday. He accused Fubara of failing to take action against &ldquo;disturbing incidents of vandalization of pipelines by some militants.&rdquo; Tinubu appointed a retired Navy chief as the",https://www.rt.com/africa/614574-nigeria-lawmakers-back-rivers-state-emergency-measures/?utm_source=rss&utm_medium=rss&utm_campaign=RSS
Huffington Post,Maggie Haberman Explains How Trump's 'Very Risky Game' With Judges May Backfire,"Fri, 21 Mar 2025 06:00:29 -0400",The New York Times reporter also pointed out a key omission from the president's latest rant about Judge James Boasberg.,https://www.huffpost.com/entry/maggie-haberman-donald-trump-risky-game_n_67dd2b1fe4b057e79d079961
RT news,Kiev ‘disrespecting citizens’ by using cheeseburgers in military draft – ex-Ukrainian diplomat,"Fri, 21 Mar 2025 09:26:37 +0000","The idea of asking people to die for fast food is “overwhelming,” Andrey Telizhenko has told RT The authorities in Kiev are desperately attempting to lure young citizens into the military with promises of McDonald&rsquo;s cheeseburgers because they have run out of experienced soldiers in the conflict with Russia, former Ukrainian diplomat and parliamentary adviser Andrey Telizhenko has told RT. The Ukrainian Defense Ministry triggered outrage on social media this week after publishing a clip on its TikTok account, telling potential recruits they could buy 15,625 cheeseburgers for the 1 million hryvnia ($24,000) sum being offered to sign a contract",https://www.rt.com/news/614568-ukraine-cheeseburgers-military-draft/?utm_source=rss&utm_medium=rss&utm_campaign=RSS
RT news,UK’s busiest airport shuts down (VIDEO),"Fri, 21 Mar 2025 09:16:36 +0000","London’s Heathrow has suffered a blackout resulting in over 200 flights being cancelled or diverted A massive blaze which swept through an electrical substation in West London late on Thursday has led to a blackout at Heathrow Airport. The transit hub, which usually handles about 1,000 flights per day, will reportedly remain closed until 11:59pm local time Friday night, as it is experiencing &ldquo;a significant power outage.&rdquo; Passengers have been advised to stay away and contact their airlines for further information, according to a message the airport posted on X. The widespread power outage caused by the blaze at an",https://www.rt.com/news/614569-fire-london-heathrow-shutdown-outage/?utm_source=rss&utm_medium=rss&utm_campaign=RSS
Huffington Post,U.K. Magazine's Trump-Slamming Cover Goes Viral For Its Putin Punch Line,"Fri, 21 Mar 2025 04:52:53 -0400","Private Eye's speech bubble front page was summed up as ""perfect.""",https://www.huffpost.com/entry/private-eye-magazine-trump-putin-cover_n_67dd1208e4b0727e46b78ce5
Fox News,Ex-Haiti envoy slams 'deeply flawed' approach of Biden admin,"Fri, 21 Mar 2025 04:00:17 -0400","A former special envoy to Haiti blames what he views as former President Joe Biden's absentee approach to decision-making for the current woes afflicting the Caribbean nation.Daniel Foote served as special envoy to Haiti in 2021 but resigned in protest over what he said was the administration’s failed approach of supporting unpopular and unelected leaders.""All of the governments that the U.S. has backed or anointed or imposed in the last 110 years have not represented the Haitian people,"" Foote said. He said the Biden administration backed the then-unelected Prime Minister Ariel Henry solely for his unwavering loyalty despite lingering questions",https://www.foxnews.com/world/ex-haiti-envoy-deeply-flawed-approach-biden-admin
ABC News,Sudan's military says it has retaken Khartoum's Republican Palace,"Fri, 21 Mar 2025 03:46:39 -0400","Sudan&rsquo;s military says it retook the Republican Palace in Khartoum, the last heavily guarded bastion in the capital of rival paramilitary forces, after nearly two years of fighting",https://abcnews.go.com/International/wireStory/sudans-military-retaken-khartoums-republican-palace-seat-countrys-120013921
RT news,European nations plan to replace US in NATO by 2035 – FT,"Fri, 21 Mar 2025 07:45:43 +0000","Officials say they are “overwhelmed” by the scale of the task, according to the report Europe&rsquo;s NATO members are drawing up a plan to gradually replace the US as their key defense guarantor over the next five to ten years, the Financial Times reported on Thursday, citing sources. The UK, France, Germany, and the Nordic nations are in talks about a potential proposal that would&nbsp;relocate the bloc's financial burden back to Europe, four unnamed officials told the Financial Times. The plan's backers aim to present it to the US before NATO&rsquo;s annual summit in The Hague this June, according to",https://www.rt.com/news/614570-europe-replace-us-nato/?utm_source=rss&utm_medium=rss&utm_campaign=RSS
RT news,Russian military using ground-mobile kamikaze drones (MOD VIDEO),"Fri, 21 Mar 2025 07:40:56 +0000","A robotic cart carrying two anti-tank mines has devastated a Ukrainian covered trench, newly released footage shows The Russian Defense Ministry has published footage of a ground-mobile kamikaze drone successfully targeting a Ukrainian covered trench. Released on Thursday, the video features a small tracked vehicle armed with two standard anti-tank mines. The operator navigated it toward the entrance of the fortified Ukrainian position, guided by a reconnaissance drone keeping watch over its approach. The vehicle&rsquo;s lethal cargo was then detonated, with each TM-62 mine containing approximately 8kg of TNT. According to the video's description, the footage was captured in Ukraine&rsquo;s",https://www.rt.com/russia/614567-ground-drone-tank-mine/?utm_source=rss&utm_medium=rss&utm_campaign=RSS
Huffington Post,Jimmy Kimmel Trolls Donald Trump With A Filthy Addition To The Oval Office,"Fri, 21 Mar 2025 03:10:24 -0400",The late night host also mocked the president's moves to shutter the Department of Education.,https://www.huffpost.com/entry/jimmy-kimmel-donald-trump-oval-office_n_67dd0c17e4b0a7d9698fd228
Huffington Post,Detentions Of European Tourists At U.S. Borders Spark Fears Of Traveling To America,"Fri, 21 Mar 2025 02:29:47 -0400","Since Donald Trump took office, there have been high-profile incidents of tourists being held for weeks at U.S. immigration facilities before being allowed to fly home.",https://www.huffpost.com/entry/immigration-crackdown-detaining-tourists_n_67dd056ae4b0a8152475ae11
Huffington Post,Jimmy Fallon Teaches Trump A Lesson Over Push To Shutter Department Of Education,"Fri, 21 Mar 2025 02:15:20 -0400","The ""Tonight Show"" host schooled the president with a brainless comedic bit.",https://www.huffpost.com/entry/jimmy-fallon-trump-dismantle-department-of-education_n_67dcdf66e4b09525ef0a18d1
RT news,India can stabilize geopolitical rifts in Arctic – Moscow,"Fri, 21 Mar 2025 05:03:35 +0000","Russian Ambassador Denis Alipov has called for broader cooperation between the two nations in the High North Russia has lauded India&rsquo;s growing interest in and constructive approach towards the Arctic, highlighting the country as a stabilising factor amid rising geopolitical tensions in the region. Russian Ambassador to India Denis Alipov on Thursday stressed the potential for collaboration between Moscow and New Delhi in scientific research, economic development, and polar navigation. Alipov told a bilateral conference on cooperation in Arctic, organised by Russia&rsquo;s&nbsp; North Forum and India&rsquo;s leading think tank Vivekananda Foundation, that &ldquo;Russia sees India&rsquo;s interest in increasing its presence",https://www.rt.com/india/614558-india-can-stabilise-geopolitical-rifts/?utm_source=rss&utm_medium=rss&utm_campaign=RSS
Huffington Post,Jordan Klepper Exposes This 'Sloppy' Trump Administration Move Amid 'DEI Purge',"Fri, 21 Mar 2025 00:49:09 -0400","The ""Daily Show"" host mocked the Pentagon over its ""classic mistake"" involving an American icon.",https://www.huffpost.com/entry/daily-show-jordan-klepper-dei-pentagon-jackie-robinson_n_67dcddede4b0460d5a6d8150
RT news,Trump orders dismantling of Department of Education,"Fri, 21 Mar 2025 04:10:12 +0000","The government agency has failed the American people, the president has argued US President Donald Trump has signed an executive order aimed at dismantling the Department of Education, which he has accused of squandering taxpayer dollars and promoting &ldquo;progressive social experiments.&rdquo; Set up in 1979, the department is tasked with overseeing education, issuing grants and student aid, as well as enforcing anti-discrimination policies at federally funded schools. Trump has long argued that it has become wasteful and politicized.&nbsp; On Thursday, the president instructed Secretary of Education Linda McMahon to &ldquo;take all necessary steps to facilitate the closure of the Department",https://www.rt.com/news/614565-trump-guts-department-education/?utm_source=rss&utm_medium=rss&utm_campaign=RSS
Huffington Post,AOC Serves Alina Habba With A Brutal Rebuttal After Her Working Class Jab,"Thu, 20 Mar 2025 23:00:50 -0400","The congresswoman had an ""intelligent"" takeaway after the Trump adviser mocked her time in the service industry.",https://www.huffpost.com/entry/alexandria-ocasio-cortez-aoc-alina-habba-bartender-jab_n_67dcba62e4b0a81524759ea2
RT news,EU feeding Ukraine ‘empty promises’ – Orban,"Fri, 21 Mar 2025 02:44:33 +0000","The bloc doesn’t have enough money to support Kiev, the Hungarian leader has said The European Union does not have the means to realistically support Ukraine during its conflict with Russia, Hungarian Prime Minister Viktor Orban has said. He made his comments on Thursday, following a contentious meeting of EU leaders in Brussels.&nbsp; &ldquo;The EU doesn&rsquo;t have a single penny left. It has spent all of its money,&rdquo; Orban told the YouTube channel Patriota.&nbsp;&ldquo;[The EU] talks about wanting to continue arming Ukraine, maintaining the Ukrainian army, and funding the functioning of the Ukrainian state&hellip; but can&rsquo;t find any money in",https://www.rt.com/news/614564-orban-ukraine-eu-empty-promises/?utm_source=rss&utm_medium=rss&utm_campaign=RSS
Huffington Post,Fired Federal Official Explains Exactly Why She Believes Trump's 'Afraid Of' Her,"Thu, 20 Mar 2025 21:37:43 -0400","Rebecca Kelly Slaughter, one of two Democratic members fired from the FTC, slammed the president for his ""absolutely illegal"" move in letting her go.",https://www.huffpost.com/entry/fired-ftc-commissioner-rebecca-kelly-slaughter-trump_n_67dca136e4b0a8152475976a
RT news,EU’s Kallas ‘angered’ by Spanish PM – Euractiv,"Fri, 21 Mar 2025 01:17:57 +0000","The bloc’s top diplomat has reportedly rejected the idea of a separate Ukraine peace envoy The EU&rsquo;s top diplomat, Kaja Kallas, has angrily shot down Spain&rsquo;s proposal to designate a special representative to negotiate a Ukraine peace deal, multiple news agencies have reported, citing people familiar with the matter.&nbsp; During a summit in Brussels on Thursday, Spanish Prime Minister Pedro Sanchez endorsed the idea of appointing a Ukraine envoy, which was previously backed by Finland and Croatia.&nbsp; &ldquo;We need a negotiating team and a representative that speaks for European citizens,&rdquo; Sanchez told reporters. The Prime Minister&rsquo;s comments &ldquo;angered&rdquo; Kallas, who",https://www.rt.com/news/614563-kallas-angry-with-pedro-sanchez/?utm_source=rss&utm_medium=rss&utm_campaign=RSS
Huffington Post,"Former NFL, Michigan Assistant Coach Matt Weiss Charged With Hacking For Athletes' Intimate Photos","Thu, 20 Mar 2025 20:36:16 -0400",An indictment says that a former NFL and University of Michigan assistant football coach hacked into the computer accounts of thousands of college athletes.,https://www.huffpost.com/entry/us-coach-college-athletes-hacking_n_67dcb189e4b0a81524759b61
CBS News,"Israel threatens ""complete destruction"" of Gaza for Hamas' crimes","Thu, 20 Mar 2025 20:28:59 -0400","Israel has reportedly killed 500 people with its renewed assault in Gaza, as its threats to Palestinian civilians take on an increasingly menacing tone.",https://www.cbsnews.com/news/israel-gaza-netzarim-corridor-hamas-war-threat-palestinians-collective-punishment/
Fox News,"Freed Israeli hostage tells UN, 'No more excuses,' says aid is feeding terrorists","Thu, 20 Mar 2025 19:31:37 -0400","UNITED NATIONS — Former Hamas hostage Eli Sharabi went before the United Nations Security Council (UNSC) with his heartbreaking story and a simple plea: ""Bring them all home now.""Sharabi has been free for less than six weeks, but in that time, he has already advocated for the hostages and spoken with world leaders about the plight of those still languishing in Hamas’ hands.""On Oct. 7, my heaven turned to hell,"" Sharabi, who was taken from Kibbutz Be’eri, recalled. ""Sirens began, Hamas terrorists invaded and I was ripped away from my family, never to see them again.""Kibbutz Be’eri saw some of",https://www.foxnews.com/world/freed-israeli-hostage-tells-un-no-more-excuses-says-aid-feeding-terrorists
RT news,Ukraine attacks Russian gas pipeline – reports,"Thu, 20 Mar 2025 23:09:12 +0000","Kiev’s forces have allegedly targeted a metering station in Kursk Region Ukrainian troops have attacked a key gas pipeline in western Russia that was previously used to deliver gas to the EU, Telegram news channels have claimed. According to the Mash and Baza news channels, Kiev&rsquo;s forces damaged the Sudzha gas metering station in Kursk Region overnight from Thursday to Friday. Videos circulating online show a large fire at the facility. It is unclear whether the station was hit by a kamikaze drone or artillery. The authorities have not commented on the reported incident. Ukraine invaded parts of Kursk Region",https://www.rt.com/russia/614562-ukraine-attacks-sudhza-gas-equipment/?utm_source=rss&utm_medium=rss&utm_campaign=RSS
Huffington Post,Former Mississippi Teacher Accused Of Using AI To Create Child Sexual Abuse Videos,"Thu, 20 Mar 2025 19:05:57 -0400","Wilson Jones, 30, was arrested last week, though he resigned from Corinth Middle School last fall after the videos were first discovered",https://www.huffpost.com/entry/ap-us-ai-abuse-videos_n_67dc9cdae4b0a81524759708
CBS News,2 convicted in plot to kill Iranian journalist Masih Alinejad,"Thu, 20 Mar 2025 18:40:00 -0400","A jury has found two men guilty of trying to kill Iranian dissident Masih Alinejad​, who works as a journalist and lives in New York City.",https://www.cbsnews.com/news/2-men-found-guilty-of-trying-to-kill-iranian-american-journalist-masih-alinejad/
Huffington Post,People Named In JFK Files Upset Their Personal Info Was Released,"Thu, 20 Mar 2025 17:47:16 -0400","The John F. Kennedy assassination documents released this week disclosed sensitive personal information, including Social Security numbers.",https://www.huffpost.com/entry/bc-us-jfk-assassination-documents-personal-information_n_67dc8b39e4b034ade1e86137
Huffington Post,Michelle Obama And Kylie Kelce Want Tall Girls To Get First Crack At Tall Guys,"Thu, 20 Mar 2025 17:40:09 -0400","The former first lady said that she did date some ""taller guys"" who were on her older brother Craig's basketball team, but ""they were always lying about their height.”",https://www.huffpost.com/entry/michelle-obama-kylie-kelce-tall-girls-tall-guys_n_67dc7434e4b0a81524758ac5
Huffington Post,"Quinta Brunson To Divorce Kevin Anik, Her Husband Of 3 Years","Thu, 20 Mar 2025 17:38:45 -0400","Anik and Brunson dated for several years before marrying in October 2021, though both have been extremely private about their relationship.",https://www.huffpost.com/entry/ap-ent-people-quinta-brunson_n_67dc8990e4b034ade1e86121
CBS News,Transcontinental cold case solved as 2018 murder victim is ID'd,"Thu, 20 Mar 2025 17:32:18 -0400",The police agency Interpol reported​ it identified a Paraguayan woman found hanged in Spain in 2018.,https://www.cbsnews.com/news/first-trans-continental-cold-case-solved-interpol/
CBS News,"Venezuelan migrant deported from U.S. to El Salvador has no record, docs show","Thu, 20 Mar 2025 17:32:00 -0400","In February, at a routine ICE check-in in Texas, Franco José Caraballo Tiapa was unexpectedly detained, and on Saturday, his wife lost contact with him.",https://www.cbsnews.com/news/venezuela-migrant-deported-el-salvador-no-criminal-record/
Huffington Post,Judge Rules Mariah Carey Didn't Steal 'All I Want For Christmas Is You' From Other Writers,"Thu, 20 Mar 2025 17:30:22 -0400",Two songwriters sued the singer and co-writer Walter Afanasieff in 2023 for $20 million claiming the holiday classic infringed on another tune they wrote.,https://www.huffpost.com/entry/ap-ent-mariah-carey-christmas-lawsuit_n_67dc868ce4b0b47eccfee1f4
RT news,Hungary refuses to support EU call to send more military aid to Ukraine,"Thu, 20 Mar 2025 21:25:26 +0000","The bloc published the joint statement without unanimous support, bypassing past policy The European Commission (EC) has published a joint declaration calling for an increase in the flow of military aid to Ukraine without the unanimous support of EU leaders, following a summit in Brussels on Thursday. Hungarian Prime Minister Viktor Orban, however, has once again refused to sign the document. EC rules state that such documents require the unanimous support of all 27 EU members. Thursday&rsquo;s joint statement was published as a short, three-sentence document, with the lengthy declaration calling for more military aid to Kiev added as an",https://www.rt.com/news/614560-hungary-blocks-call-military-ukraine/?utm_source=rss&utm_medium=rss&utm_campaign=RSS
RT news,Ukrainians still not sure about their state language – regulator,"Thu, 20 Mar 2025 21:19:08 +0000","Kiev has been tightening restrictions on the use of Russian, despite it being the native tongue of many citizens A Ukrainian language czar has sounded the alarm over its position in the country, despite the government&rsquo;s aggressive Ukrainization campaign. Since the collapse of the USSR in 1991, Ukraine has largely been a bilingual nation, with most citizens able to speak or understand both Russian and Ukrainian, particularly in the eastern half of the country. People are still unsure which language they consider to be the &ldquo;main one&rdquo; for them, Kiev&rsquo;s Commissioner for the Protection of the State Language Taras Kremin",https://www.rt.com/russia/614561-ukrainians-not-sure-state-language/?utm_source=rss&utm_medium=rss&utm_campaign=RSS
Huffington Post,"U.S. Government Cannot Deport Georgetown Scholar Until Court Rules, Judge Orders","Thu, 20 Mar 2025 17:17:30 -0400",A federal judge has ordered immigration officials not to deport a Georgetown scholar that the government detained until the court has had a chance to rule.,https://www.huffpost.com/entry/bc-us-georgetown-scholar-detained_n_67dc845ee4b0b47eccfee0d7
